ym,n,spy,disp_call,disp_strad,long_strad,short_strad,capin,cash,ratio,iv_ratio
2007-01,80,0.015040638063138267,0.008913382711605435,0.005370356178723106,-0.0016450734518704167,0.007015429630593523,3.8082601106016902,0.004208388620161175,1.9993028612997088,1.9993028612997092
2007-02,80,-0.019618088447923343,-0.003431745946817777,-0.00805630983770727,-0.01019041539194424,0.0021341055542369704,3.961419590012314,0.0042096911079711275,2.221949481865285,2.221949481865285
2007-03,80,0.011588972879728487,-0.0036931853034748757,-0.013681434190140507,-0.017158149830064653,0.0034767156399241467,4.202855925582032,0.004199108148595322,3.2969021739130433,3.2969021739130437
2007-04,78,0.044296530158762115,-0.0012712696168123948,-0.006497791947659804,0.004411008052859471,-0.010908800000519275,3.8813757486918647,0.00420518981099473,1.6416947496947498,1.6416947496947494
2007-05,80,0.033918850481308827,0.0016764325335980775,-0.001687414499580089,0.002122715010206092,-0.003810129509786181,4.006810868176003,0.004199702024517299,1.7178217821782178,1.7178217821782178
2007-06,80,-0.01462022340073843,0.001787642182857846,0.003787313095007871,-0.006354204766229791,0.010141517861237662,3.929099521943079,0.00420310189591499,1.7992280033840946,1.7992280033840948
2007-07,79,-0.03131015777461721,0.003442179651303983,-0.0045664759253121285,-0.00674174733029299,0.0021752714049808617,4.1510560594303385,0.00420137870939497,1.5425531001930914,1.5425531001930917
2007-08,80,0.012832870254745332,0.007210463443536072,0.009618081945765442,-0.022590126454180685,0.03220820839994613,5.643460317263987,0.00394724857672779,1.3286700739451935,1.3286700739451938
2007-09,80,0.0387139777571861,0.008960954537498253,0.008876935929676172,0.0008284775425133895,0.008048458387162782,4.918608601301795,0.003914183945913076,1.2605468750000002,1.260546875
2007-10,80,0.013566772072665101,0.021829379414377112,0.025017463846425843,0.005839429902390352,0.01917803394403549,4.729734234239101,0.0037790538753751817,1.574926945555214,1.5749269455552137
2007-11,80,-0.038731930466605724,-0.0012244136782187769,-0.008247996066400103,-0.008679543941338196,0.000431547874938093,5.171349455142245,0.003548172007886761,1.6460305792413994,1.6460305792414
2007-12,80,-0.011260476688119692,0.009666410257304383,0.018433115793731608,-0.012843695238747968,0.031276811032479576,5.474897132671384,0.003339886967978944,1.3590346250859895,1.3590346250859895
2008-01,80,-0.060461959791497155,0.004066314387352089,-0.0020705299775828747,0.006762091421509281,-0.008832621399092156,5.587595905217198,0.0030998739344453683,1.4132593457943927,1.413259345794393
2008-02,80,-0.025842575753694863,0.011080933819078114,0.018031880970033054,-0.00835965237134935,0.026391533341382403,6.2560058588634115,0.002327975854504892,1.3292100098135426,1.3292100098135426
2008-03,80,-0.00894192481715439,0.01946941295665151,0.02158993589622812,-0.016862576713875286,0.038452512610103406,5.903429596474691,0.002046600406276675,1.294439943285396,1.2944399432853961
2008-04,79,0.04766210336410892,0.0028100957847994046,0.0010040640405915386,-0.006214652693233968,0.0072187167338255065,6.541898165160731,0.0017757039348619459,1.4579092694048652,1.4579092694048652
2008-05,82,0.01511630733824143,0.006888541029425833,0.01010431043719857,-0.014029961897394107,0.024134272334592678,5.4660752205581655,0.00155980975886079,1.4963395668171298,1.49633956681713
2008-06,82,-0.08357556616623507,-0.005846328686442529,-0.006432870737936754,0.031354729803813076,-0.03778760054174983,4.95083629332796,0.001584152728444534,1.6103232251909831,1.610323225190983
2008-07,82,-0.008985377528498484,0.03079761424809139,0.03491667838856159,-0.00015332810479924775,0.03507000649336084,6.642634240128936,0.0015637358764778399,1.5652556023552202,1.5652556023552204
2008-08,82,0.015453853244979499,0.003586673710323701,0.0007925560280605155,-0.028016977391900198,0.028809533419960714,6.692240175257709,0.0015551293304123717,1.6132996698604283,1.6132996698604285
2008-09,82,-0.09417395049091415,0.0027860560622180765,-0.017504856053627553,0.022459061077038732,-0.039963917130666285,5.827623506130093,0.0014204333454492046,1.564096445284656,1.564096445284656
2008-10,82,-0.16518725833443826,-0.009179950315300923,-0.020892125655775633,0.041132864242388746,-0.06202498989816438,9.347566439303868,0.0007327738379489604,1.2730150492994292,1.2730150492994294
2008-11,82,-0.0696065511374776,0.0017573610864681927,0.00580560594513483,-0.0371332567747138,0.04293886271984863,12.652481038220659,0.0002838794366257829,1.265042728530097,1.2650427285300971
2008-12,82,0.009796608866161627,0.015545109156201546,0.013508768537039278,-0.0626807147615524,0.07618948329859168,12.7452150384579,0.00011633971328205614,1.5132754767682588,1.5132754767682586
2009-01,82,-0.08211454549608199,-0.0038535984558029437,-0.005716140210208841,-0.005249073560102659,-0.00046706665010618235,9.536325336312725,0.0001130795933296091,1.426166152060841,1.426166152060841
2009-02,82,-0.1074485754439759,-0.005861863370089364,-0.014266349174042564,-0.0019352782609053565,-0.012331070913137208,10.454600939458823,0.0001641665649443255,1.379657933153116,1.379657933153116
2009-03,81,0.08331133510062783,0.009414212017254578,-0.005733016598824128,-0.017920322573222753,0.012187305974398625,11.417725111515574,0.00013287341233272662,1.4331365097585649,1.4331365097585653
2009-04,82,0.0993449875329695,0.027635487230735827,0.017021963865410522,0.022405099270251774,-0.005383135404841251,11.163771822109824,0.00011104528522236273,1.4673774796242052,1.4673774796242052
2009-05,82,0.05845348868065603,-0.0073931610846894,-0.00761468862771379,-0.022430871745858116,0.014816183118144326,8.766486487375278,0.00013685027026893708,1.3970931922990573,1.397093192299057
2009-06,82,-0.0006547938579155588,0.013965494493203704,0.021538204642265597,-0.026252315086922776,0.04779051972918837,7.011260840001128,0.000162730293529998,1.4507822654637204,1.4507822654637204
2009-07,82,0.07460539053645654,0.003322598437644611,-0.005239600085899366,0.012514075468135566,-0.017753675554034933,6.444707020845349,0.00012474039063887287,1.4841777201025392,1.484177720102539
2009-08,82,0.03693968719573393,0.002281940881791473,0.0023914886537968454,-0.011280419563199221,0.013671908216996067,5.948532199503784,0.0001254019570673283,1.353093826006104,1.3530938260061045
2009-09,82,0.035458212706896974,0.0021662717474259744,0.0018378062928001652,-0.012329301629524258,0.014167107922324423,5.942239081569617,0.00011757220114803798,1.3741555271913568,1.3741555271913573
2009-10,82,-0.01922594837950542,0.009882157987922796,0.008497249970573717,-0.01868678982335577,0.027184039793929488,6.062224014512606,9.393777598548738e-05,1.4114832021336086,1.4114832021336086
2009-11,82,0.061607035736827465,0.005663088274981857,-0.0010769504919046487,-0.0006193755082771677,-0.0004575749836274809,6.545096685652043,9.345490331434795e-05,1.3074453214742099,1.3074453214742099
2009-12,82,0.01910155146363346,0.004620829907783759,0.008104564248111838,-0.015905364649343043,0.02400992889745488,5.31494801409509,9.46850519859049e-05,1.3396821700913908,1.3396821700913908
2010-01,82,-0.036343145054362314,0.0028508267192059768,-0.00012550354497520722,-0.0045055699375007195,0.004380066392525512,4.943757979027695,8.713488851922461e-05,1.446327950814134,1.4463279508141342
2010-02,82,0.031195706149957037,-0.002334132323414406,-0.0029012024754018605,-0.01829111511488666,0.015389912639484799,5.454655232233595,0.0001024241234984136,1.3313651659742853,1.3313651659742851
2010-03,82,0.060878762847081935,-0.0034880860074053416,-0.007431780448293731,0.00984126394439385,-0.01727304439268758,4.374271220504432,0.0001275009717059941,1.3398470658140456,1.339847065814046
2010-04,82,0.015469964486541254,0.01051538390946674,0.01862130213104797,0.0036206491414001577,0.015000652989647811,4.24328199143069,0.00015959453001428218,1.5326440559207233,1.5326440559207235
2010-05,82,-0.07945363731354038,-0.005403596421270054,-0.017353909323705258,0.01226262608499174,-0.029616535408697,5.123591040874881,0.00015812734826520854,1.4418254014674443,1.4418254014674439
2010-06,82,-0.05174157832485071,-0.0011600924889030896,-0.0045948064049063046,-0.013410474550938497,0.008815668146032192,6.110455856000707,0.00014083431621599892,1.1924291997908893,1.1924291997908893
2010-07,81,0.06830086899766674,-0.0005807871302398911,-0.0007625255601898132,-0.0025206344964811846,0.0017581089362913715,6.5620015015339135,0.00014015699774769914,1.1495783292167585,1.1495783292167583
2010-08,83,-0.044981236688190984,0.005657414214512156,0.004949167622043369,0.0027111983326080693,0.0022379692894353,4.892523916139807,0.00015058683713277862,1.2363476672492828,1.2363476672492828
2010-09,83,0.08955595619489287,-0.0009066685093324645,-0.0062008448920861416,0.02160020850487543,-0.02780105339696157,5.465867374461258,0.00014967904332376968,1.1746876279577632,1.1746876279577632
2010-10,83,0.03820174914393615,-0.0004117399315935171,-0.0008026566876022864,-0.007364174671046598,0.0065615179834443114,4.904960040938152,0.0001505671466018479,1.2817068423958797,1.2817068423958795
2010-11,84,0.0,0.015776602107781434,0.029078999348973435,-0.008050627402719073,0.037129626751692506,4.8423406307418455,0.0001506662940013254,1.3041716425337115,1.3041716425337115
2010-12,84,0.06685145549141325,-0.00665171317992766,-0.0075760341441811745,0.00837482512331717,-0.015950859267498344,5.0705325511363535,0.00014239420117329545,1.261189614567178,1.261189614567178
2011-01,85,0.02330052130477056,0.00018495701365267136,0.002482510793952574,-0.007313949098882937,0.00979645989283551,4.400771597860236,0.00013543224023636468,1.4866515837104073,1.486651583710407
2011-02,85,0.03473697465828662,-0.0061630672042684125,-0.0065130398306714335,-0.008463170697077017,0.0019501308664055834,4.548688736826619,0.00012726841501756452,1.4451035418844804,1.4451035418844806
2011-03,85,0.00011971912508057514,0.010761272882654445,0.016693642174967074,-0.013189282799077651,0.029882924974044725,4.532580664316228,0.00011137865589163108,1.511631847501685,1.5116318475016848
2011-04,85,0.0289616351081301,0.007540421413432455,0.006286686251220387,0.001792920820051663,0.004493765431168724,4.350495936419203,7.9707920052984e-05,1.4944429019078973,1.4944429019078977
2011-05,85,-0.011213398776073413,0.008977705550732039,0.006005377721851168,-0.008980989849893076,0.014986367571744244,4.023403914912513,7.19824470638156e-05,1.6410163424857536,1.641016342485753
2011-06,85,-0.016870342424195273,0.001332046238328959,0.0005444186696972556,-0.0111254198967294,0.011669838566426656,3.877773083012122,7.20916701877409e-05,1.490899001109878,1.4908990011098775
2011-07,85,-0.02000431221206589,0.004325857101024058,0.008561358996549376,-0.001141467025099136,0.009702826021648512,4.100226141730883,5.5941534750656996e-05,1.5352919558120928,1.535291955812093
2011-08,85,-0.05497569778050493,0.0017158379174276005,0.00023064979183173482,0.0018897214912419807,-0.0016590716994102459,5.427958555786266,7.881003453684478e-05,1.2043323426931747,1.2043323426931747
2011-09,85,-0.06942137992680353,-0.0008491457478521196,-0.0014187866725886961,0.0027630500024090608,-0.004181836674997757,6.358023651429217,6.242798423238052e-05,1.1596659716518187,1.1596659716518185
2011-10,85,0.10914780956140735,-0.003186137486065041,-0.006046243545336623,0.01036904797883973,-0.016415291524176354,8.904750329840812,5.3138895640926196e-05,1.1661484953878731,1.1661484953878722
2011-11,85,-0.004063168982097021,0.014596931940652988,0.029196980291224514,-0.01802393655103566,0.04722091684226017,6.244782169630366,6.250347855357976e-05,1.232329584942635,1.232329584942635
2011-12,85,0.010448179853723483,0.012915236311334176,0.01890152424442947,-0.01981023762001399,0.03871176186444346,5.913937371373941,5.4883536533365204e-05,1.2426140016740868,1.2426140016740868
2012-01,85,0.046373855279107756,0.02116929841090323,0.022106121389214205,0.02130221452309133,0.0008039068661228749,5.234211352451613,6.317719243169893e-05,1.301340682685959,1.3013406826859586
2012-02,85,0.04340580571689112,-0.007938463884625047,-0.01000062152291471,-0.005877819993567979,-0.004122801529346729,4.779501827443246,7.93504151437973e-05,1.4584042422000247,1.4584042422000252
2012-03,85,0.03216322502391944,0.0016340239085917366,0.0010321639716591683,-0.0010052538046466523,0.0020374177763058205,4.113609120970699,0.00010387692345228174,1.4003223207091056,1.4003223207091053
2012-04,85,-0.006675790338032006,0.00572264733648178,0.01238320861260094,-0.007392546816219746,0.019775755428820686,4.073806593412768,0.00011191389230768512,1.60069871373154,1.6006987137315396
2012-05,85,-0.06005512830051074,-0.0030337862897197154,-0.005818768618952554,0.015950080935606462,-0.021768849554559017,4.26608732706368,0.00012764521689724844,1.4570960935497228,1.4570960935497224
2012-06,85,0.040581463410820584,-0.0025584612636254545,-0.0002794116795628082,-0.0074790948201633265,0.007199683140600518,5.252882860157205,0.0001263294895197904,1.2598676193641298,1.2598676193641298
2012-07,86,0.011828585058570207,0.007460125149695376,0.015451924566007223,-0.0038887142841653654,0.01934063885017259,4.3954830693944595,0.0001274726892408074,1.489326739491064,1.4893267394910636
2012-08,86,0.025053040723024278,0.003110612081383156,0.0031429105556108772,-0.009184152835728227,0.012327063391339104,4.835862760721538,0.00010309448200921832,1.4276588056424842,1.4276588056424837
2012-09,86,0.025350666565260527,0.0031093129850527862,0.002667394149181989,-0.0063153489578848055,0.008982743107066794,4.145444214813815,0.00011183031508271722,1.3466091522880719,1.346609152288072
2012-10,86,-0.018198322776734388,0.012735624816887885,0.006696344694271902,-0.0034622713312665236,0.010158616025538426,4.224333355595887,0.0001277008888592055,1.6367565342663102,1.6367565342663097
2012-11,86,0.00565989541829981,0.01151688138995016,0.015108943360173394,-0.013220956118384572,0.028329899478557966,4.587694521013071,0.0001272164073053159,1.3819435265636637,1.381943526563663
2012-12,86,0.008934392582039319,0.010534273850019173,0.013505941786228501,-0.007737807540587021,0.021243749326815522,4.153607947620157,0.00012779518940317312,1.4358768631395746,1.4358768631395746
2013-01,86,0.05119040970942468,0.008107951494118595,0.002895793540630536,0.014854204760266965,-0.01195841121963643,4.794293541339883,0.00011107332420177015,1.4951637413844006,1.4951637413844014
2013-02,87,0.012759182757943188,0.0008291704326159703,0.00016983477966110196,-0.013261751039010873,0.013431585818671975,3.925058070058751,0.00012009367741242656,1.5999698758319447,1.599969875831945
2013-03,88,0.03797099470284482,-0.0011792795158454446,-0.004190427320490647,0.003048372453601217,-0.007238799774091864,4.030470682207394,0.00011196445087075805,1.5397771386222476,1.5397771386222472
2013-04,88,0.019212658808656302,0.007753012635412984,0.0074249335573210225,0.002149814086457795,0.005275119470863228,3.8497138599295053,0.00012018785767508812,1.7354922333735892,1.7354922333735894
2013-05,88,0.023608958764403942,0.007656395387432964,0.012837851156983184,0.009876786842304057,0.0029610643146791267,4.1416914380640835,8.787011618177459e-05,1.7448289617061024,1.7448289617061021
2013-06,88,-0.013344108063055304,0.00258705994022986,0.0011352936325788841,-0.016884528588765338,0.018019822221344222,4.447548516669979,7.166433861249751e-05,1.494339520158912,1.4943395201589125
2013-07,88,0.051677071489745874,0.004969874778876785,0.0001138683809705325,0.014119944699174134,-0.014006076318203602,4.610049523436091,7.154246285742292e-05,1.4649147268617724,1.4649147268617724
2013-08,88,-0.02999261966370581,0.00045770075103304143,-0.0037308856822014184,-0.0017754625723987829,-0.0019554231098026353,4.163064945029483,6.389129003664702e-05,1.7035154035154036,1.7035154035154034
2013-09,88,0.031646468905837555,0.002963269785016655,-0.0023071165846307207,-0.006192166023447615,0.0038850494388168945,4.4057368101752665,6.372950879321649e-05,1.388335807644165,1.3883358076441652
2013-10,88,0.046307136039476005,-0.0033392969147550307,-0.009471024798989983,0.0012320993862593712,-0.010703124185249354,4.6182363502532,7.153632273731009e-05,1.5369961877824576,1.5369961877824578
2013-11,88,0.029637230895528832,-0.0008998177150512047,-0.0036593365648417936,-0.0003298690245704897,-0.003329467540271304,3.938394861277032,6.404107009248198e-05,1.7310639896057494,1.7310639896057494
2013-12,88,0.025926216133364655,-0.00019515908336893012,-0.0026566924190047124,-0.0024811428573227735,-0.00017554956168193913,3.67907221436782,7.224069583922413e-05,1.625066304880039,1.6250663048800391
2014-01,88,-0.035248134485849736,0.0032107020252700944,-0.0014095920111168595,0.006247788804372596,-0.007657380815489456,4.104313781636747,5.5939150294045236e-05,1.7569101190240817,1.756910119024082
2014-02,88,0.04551578257312827,-0.005233344417703088,-0.010759050464996863,-0.002418781147122453,-0.00834026931787441,4.502281322189155,5.5707002562056335e-05,1.4196680842387344,1.4196680842387348
2014-03,88,0.008295312872580007,0.0036556389013680727,0.009857582073175029,-0.006223842860488354,0.016081424933663383,3.8726000246001826,6.408493331693321e-05,1.6562808660266288,1.6562808660266286
2014-04,87,0.006951736386045848,0.0019479252185778946,0.008677973203037691,-0.009122970120679806,0.017800943323717497,4.153203802431723,7.18850971481762e-05,1.7414616196535257,1.7414616196535262
2014-05,88,0.023206338386134506,9.145464332267414e-06,-0.0049658901199326946,-0.007265123893715183,0.002299233773782488,3.962805230658369,7.202789607700621e-05,1.7441301431127012,1.7441301431127012
2014-06,88,0.020644935245616614,-0.0007094385747361594,-0.0025890363498428442,-0.004022765912795697,0.0014337295629528529,3.310203127382568,8.057483072718118e-05,1.6887694990338846,1.6887694990338848
2014-07,88,-0.013437495693311208,0.0023240032692479267,0.0009831435295184618,-0.006081837307821529,0.007064980837339991,3.726588141522126,7.22050588938584e-05,1.9727859553034377,1.972785955303438
2014-08,88,0.039463382824212134,-0.004336810469102049,-0.006813992159184778,-0.0016151412017430219,-0.005198850957441756,3.8815951417941563,7.208880364365437e-05,1.314506037665019,1.314506037665019
2014-09,88,-0.013795513159614692,0.004055545082971292,0.00364434790766515,-0.003766066267280706,0.007410414174945856,3.045534216980659,7.27158493372645e-05,1.5577809015309012,1.5577809015309014
2014-10,87,0.023550143390710154,0.005654697150321876,0.010868378358868495,0.003529874834384753,0.0073385035244837435,4.08620807719496,7.193534394210377e-05,1.468426075770779,1.4684260757707785
2014-11,88,0.027472464297839005,0.006511689463569578,0.01233365461423188,0.011929081895743402,0.00040457271848847733,3.822867072412188,7.213284969569086e-05,1.5552538614754408,1.5552538614754405
2014-12,88,-0.002536679370677364,0.006105577823697214,0.011687033207351552,-0.00830359362788409,0.019990626835235642,3.5852643426298894,9.64147356573701e-05,1.6133194080724944,1.6133194080724944
2015-01,88,-0.02962950716292445,0.006605519668265437,0.006224059828084264,0.0013058636813586693,0.004918196146725595,4.578976531948307,8.746927151238072e-05,1.4774627421758573,1.477462742175857
2015-02,87,0.056204750876535314,0.000685647516064064,-0.0008646912016477791,0.010431658259102163,-0.011296349460749942,4.76091114877534,8.730249811362261e-05,1.2661397059952524,1.2661397059952524
2015-03,88,-0.015705430849381474,-0.0006147422163049875,-0.002308439343695151,-0.011391376315099582,0.00908293697140443,3.746679930889925,8.82322100633509e-05,1.6358393159635394,1.6358393159635394
2015-04,87,0.009833726268767995,0.010071871409608305,0.017698422338819634,-0.0018646950275868776,0.01956311736640651,4.402341990592432,9.559765800940757e-05,1.5656412593988824,1.5656412593988827
2015-05,88,0.012855668173063384,0.0019713815094325074,-0.00047986295064732405,-0.015779489206485833,0.015299626255838509,4.230811225616193,9.57691887743838e-05,1.5897766323024054,1.5897766323024052
2015-06,87,-0.02031200196396088,0.0032949550641455487,-0.0007007952901064299,-0.0075011530314396165,0.006800357741333187,3.5996057233165595,0.00010443376046640706,1.470919917709454,1.4709199177094543
2015-07,88,0.022589448327505757,0.009590249298640788,0.014614221543770938,0.0021391507470200784,0.01247507079675086,4.493771179221301,0.00010346508122251026,1.3889475788031063,1.3889475788031065
2015-08,88,-0.060949912233451586,-0.008382487088631835,-0.01749048330097846,0.01451189393781599,-0.03200237723879445,3.8740434002731563,0.00011214694936634801,1.7907575045902897,1.79075750459029
2015-09,88,-0.025516373837869866,0.001099134546568327,-0.002996522355385098,-0.027243745712700766,0.02424722335731567,5.947827832175372,0.00010972753419579542,1.273580287206266,1.2735802872062665
2015-10,88,0.08505969977827932,-0.003465232088522216,-0.008630347595374399,0.022375899366174467,-0.031006246961548866,5.995413041361982,9.4004586958638e-05,1.3673706941957233,1.3673706941957233
2015-11,88,0.0036553311514866405,0.0014516277384237757,0.004572470293949846,-0.01848812750453086,0.023060597798480707,4.3984968377996285,9.560150316220036e-05,1.6738776980946355,1.6738776980946355
2015-12,88,-0.017282678287804276,0.0024711450111167804,0.0009478022460511441,-0.012163164384755265,0.013110966630806409,4.264008866094597,0.0001914719822678108,1.5056675473790653,1.505667547379065
2016-01,90,-0.04978637900010785,0.0008309502262792371,0.000475102348768134,0.012661398539112969,-0.012186296190344835,4.798473557288817,0.00026973765825434836,1.4709567802909633,1.4709567802909636
2016-02,90,-0.0008255955490271694,0.005281278199381052,0.01570294677920181,-0.0208935685362436,0.03659651531544541,5.364115163019278,0.0002996803019837723,1.4365772953582585,1.4365772953582583
2016-03,90,0.06726576408880303,-0.00471523671172893,-0.012387417160857471,0.009523573408664152,-0.021910990569521623,5.33047873633629,0.00028400856379099114,1.3799449974591218,1.3799449974591218
2016-04,90,0.003940651917139437,0.011270118629861952,0.01370772881500863,-0.008279577464746267,0.021987306279754898,4.69560128632461,0.0002938552293671658,1.8389680278569167,1.8389680278569167
2016-05,90,0.017011998013900298,-0.0023010649726803133,-0.0031887462761502634,-0.016778947838734282,0.013590201562584019,4.537164825453593,0.0002943437417881848,1.569898917255983,1.569898917255983
2016-06,90,0.0034761666101963407,0.012993601171564385,0.02928636379868741,0.007223966802582368,0.022062396996105044,4.031198143546573,0.00030390120587876914,1.6002566923359003,1.6002566923358998
2016-07,89,0.0364710647829527,-0.004116508864464949,-0.008896544290289271,-0.0031365134219740964,-0.005760030868315174,4.619506520845419,0.0003099866038072524,1.7302030083642566,1.7302030083642563
2016-08,90,0.0011973704465775281,0.008456486181691172,0.014392443870919487,-0.005272963198605613,0.0196654070695251,3.7017967209631233,0.0003209940109301229,1.78459697172122,1.7845969717212202
2016-09,90,5.847050893725836e-05,0.005969438033832554,0.013432040430353186,-0.009482329819966596,0.022914370250319782,3.733897395930067,0.00032088700868023313,1.6257667169431875,1.6257667169431869
2016-10,90,-0.017337657732570566,0.004011706964515253,0.0028473820752656824,-0.005357496366262594,0.008204878441528276,4.373728511251393,0.0003187542382958287,1.8370241039817643,1.8370241039817647
2016-11,90,0.036838483731799876,0.009005436980148392,0.020869309472372616,0.02297173795289767,-0.002102428480525055,4.528135067243467,0.00032619553852025144,1.4582329317269074,1.4582329317269074
2016-12,90,0.02027167401243868,-0.003352572167141517,-0.006788510351430126,-0.011635705106743588,0.004847194755313462,4.250233288671733,0.0004308739502009772,1.8405890589058909,1.8405890589058909
2017-01,91,0.017894611306086494,0.0031168201885564467,0.0021606463857668763,-0.006332590538128719,0.008493236923895595,4.90215411862989,0.0005151133318574215,1.978483348712356,1.9784833487123563
2017-02,91,0.03929194882908993,-0.0056584838030581015,-0.013418136985252823,0.002299209716346994,-0.015717346701599817,4.299550548665911,0.0005263524719823375,2.1456634608181537,2.1456634608181537
2017-03,91,0.0012499101580920602,0.004746784226625471,0.007051743285405844,-0.013698533585870608,0.020750276871276452,3.930589085637589,0.0006324569551862192,1.7957985365570581,1.795798536557058
2017-04,91,0.009925831598148305,0.0028573421283350662,0.0019130626489628696,-0.009712716048650013,0.011625778697612882,3.926524539742494,0.0007205510659519315,1.9007020446491454,1.9007020446491454
2017-05,91,0.014112935616212186,0.007701061204323595,0.008730655927843726,0.0042250909799331025,0.004505564947910624,3.7463912557553303,0.0007299231996438554,2.159510386645456,2.1595103866454557
2017-06,91,0.006375230309995539,0.0073358472637766806,0.01247020880134831,0.001364658570549086,0.011105550230799224,3.651798187651302,0.0008350177490403553,2.1599314296641827,2.159931429664183
2017-07,91,0.02055389817119546,0.00027567793451902835,-0.00392092883356809,-0.003805135294555573,-0.00011579353901251714,4.252150091565442,0.0009175835616224978,2.287546822877518,2.2875468228775184
2017-08,91,0.002918066961760779,0.002219723931973971,0.003996638719373145,-0.009519385915372127,0.013516024634745272,3.9206586610075265,0.0009287669662769271,2.424430020921249,2.4244300209212493
2017-09,91,0.020148922971953365,0.006570299810658431,0.005503040784857419,0.0069630742011375715,-0.001460033416280152,3.6157368898377182,0.0009236825214723885,2.142597128898499,2.1425971288984984
2017-10,91,0.023564282796977087,0.005087191449806249,0.005230972422549302,0.011869014934753529,-0.006638042512204226,4.029327528674398,0.0009197189445168703,2.7215155320194357,2.7215155320194353
2017-11,91,0.030566136097257557,-0.005560241398260933,-0.014298434948653247,-0.0026231933453986934,-0.011675241603254553,4.24839731481571,0.0009255988259567814,2.6322258470695976,2.6322258470695963
2017-12,91,0.012128356855375833,-0.0026172964217149146,-0.0017426735394084347,-0.009766972468258084,0.008024298928849649,4.021510206029571,0.0010397669727680132,2.109799241552274,2.1097992415522735
2018-01,93,0.05635837470094862,-0.00396290500540003,-0.0099844440438186,0.02610599761753452,-0.03609044166135312,4.157464647418344,0.0011261497903928346,2.5470217883418225,2.5470217883418225
2018-02,93,-0.03636030738681917,-0.0046185217091841944,-0.010169664578379312,-0.001590558974916027,-0.008579105603463285,5.1979768495572705,0.0011218239406135724,2.059748341340654,2.0597483413406543
2018-03,94,-0.027410348986241284,-0.0030176186977762774,-0.011106082838399277,-0.016947741688280043,0.005841658849880767,5.173173881992884,0.0011932375619849228,1.636697743745616,1.6366977437456158
2018-04,94,0.005168318269516803,0.004828868511503565,0.01669935752136037,-0.01530323577165166,0.03200259329301203,5.8801970216425,0.001325520558611868,1.5952434654036036,1.5952434654036038
2018-05,94,0.02430869383876466,-0.0008406668028786146,0.00010543822894518683,-0.005959938564493897,0.0060653767934390835,4.973329859815588,0.0013462111603192793,1.7199500031946844,1.7199500031946842
2018-06,94,0.00575097682650183,0.005250815603702542,0.011162574494968226,-0.007712319269051282,0.018874893764019508,4.519174591065644,0.0014481258520355046,1.8612122999077407,1.8612122999077407
2018-07,94,0.037046142082487465,-0.0060600730020880685,-0.013561422493729918,-0.005656427886888813,-0.007904994606841105,5.310698716113854,0.0015071380454351878,1.9728894989704873,1.9728894989704875
2018-08,94,0.03192062666043638,-0.007134237396712352,-0.010569962855160448,-0.0017302346628419334,-0.008839728192318515,4.570339371921228,0.0015189220983302537,2.1593180578286955,2.1593180578286963
2018-09,94,0.005945455786425358,0.007978138607090365,0.00965913325767318,-0.004419921633193101,0.01407905489086628,3.9631978288414187,0.001560598035281327,2.0150709219858154,2.015070921985815
2018-10,94,-0.06910425210112048,-0.002890515793286523,-0.01594580610606719,0.029746012386128243,-0.04569181849219543,4.586666837533913,0.001741293330215006,2.3806832484267315,2.380683248426731
2018-11,94,0.018549061551430546,0.014947320079650075,0.018120855938535192,-0.004538385817585871,0.022659241756121065,6.225152260477919,0.0017192055418912384,1.552586713359214,1.5525867133592137
2018-12,94,-0.08804875854623961,-0.006560800050060735,-0.0191565553063707,0.027551674955233328,-0.046708230261604027,5.40933323610221,0.0017893401129503998,1.5001921426467013,1.5001921426467006
2019-01,95,0.08006609287528677,-0.007622490278817534,-0.015979646311598247,0.010829390455357205,-0.026809036766955452,7.413327567464783,0.0018517334486507044,1.5051295276052046,1.5051295276052048
2019-02,95,0.03241546058176037,0.0011042072286136188,-0.0042538327138548606,-0.004360663619018841,0.0001068309051639807,5.370385186942677,0.0018925922962611465,1.7379033312781427,1.7379033312781427
2019-03,95,0.018100488210133436,0.0007809315323071137,0.0003986626302437436,-0.008338138261050723,0.008736800891294466,4.633847901532088,0.0019152702213108973,1.786904443850744,1.7869044438507438
2019-04,95,0.04085230890273195,-0.003440268330095468,-0.006225453949618452,0.006476460335222022,-0.012701914284840474,4.934116229532229,0.0019171619893711001,1.8899026979212743,1.8899026979212739
2019-05,95,-0.06377073590550375,-0.007655023416787516,-0.018523434893198645,0.01901151882124924,-0.037534953714447886,4.6865599811091005,0.0018983260137095772,2.033457751947694,2.0334577519476937
2019-06,95,0.06958613505834466,-0.002473188588368244,-0.00905300338402254,0.017804398921355737,-0.026857402305378277,5.582284282740654,0.00187261802839231,1.4222588332205581,1.4222588332205586
2019-07,95,0.015119471449440258,0.000425878886600129,-0.0009927525282265627,-0.015874355186789618,0.014881602658563056,5.217803057801243,0.0018956439388439752,1.7841631460496705,1.7841631460496705
2019-08,95,-0.016743230399721587,0.01419528911451573,0.017860537129535864,0.004170476510072777,0.013690060619463087,4.922419113078447,0.0016876270607428575,1.663196909991807,1.6631969099918062
2019-09,95,0.019457759831007282,-0.0023610082917411724,0.0023541870032948147,-0.01462583614275941,0.016980023146054225,5.2054708560513525,0.001611506995447127,1.467781268823156,1.467781268823156
2019-10,95,0.022104391718645644,0.001657714479594119,-0.0007710287210675095,-0.011704522626963159,0.01093349390589565,5.6040965759106385,0.001439537527217363,1.7549729700410424,1.7549729700410426
2019-11,95,0.036198775180647846,-0.006215296712342087,-0.011503213022363463,-0.0010501640608115157,-0.010453048961551947,4.6153957869287865,0.0012320511377521698,1.928240629070384,1.9282406290703848
2019-12,95,0.02905498681748231,-0.00546969652851928,-0.011615377586323718,-0.006830022748089535,-0.004785354838234184,4.270775411249499,0.0012365024842713606,1.8717611336032385,1.8717611336032396
2020-01,94,-0.00040354711421108913,0.016119203782909517,0.029976139163678053,0.005531952217067007,0.024444186946611046,4.613340419970472,0.001232077686242048,1.8584552837964812,1.8584552837964814
2020-02,94,-0.07916579355684272,-0.00047930562550802316,-0.012267406089012257,0.026492441929806994,-0.03875984801881925,5.419667805920704,0.0012453077072220441,1.5199876939020047,1.5199876939020043
2020-03,94,-0.12487146305300578,-0.0015411144056739004,-0.025325353206701,0.010158995779652775,-0.035484348986353775,10.201155718289963,0.0004864104065259294,1.245641047333023,1.2456410473330233
2020-04,94,0.12698385765346787,-0.02105407573638359,-0.031024294135277165,-0.010367426883613952,-0.020656867251663213,12.326751563349257,3.6530520181937805e-05,1.2488102981156621,1.248810298115662
2020-05,94,0.047645359713394564,-0.003821207063290817,-0.009617827615618201,-0.02625502274389625,0.01663719512827805,8.482857394133179,3.813214275244451e-05,1.3810367969681125,1.3810367969681128
2020-06,94,0.017734114745758367,-0.0038459358683012156,0.001713701436052855,-0.030601167882166557,0.03231486931821941,7.134502028462346,6.19103319810251e-05,1.456468547128626,1.4564685471286256
2020-07,94,0.05889230612815477,-0.020926291318722798,-0.02075399051625821,-0.01838535422244728,-0.002368636293810929,7.779841065351742,6.916511920098619e-05,1.468167911651137,1.4681679116511372
2020-08,94,0.06979650077345712,-0.013200737167924245,-0.01942046577171872,0.004160840400049022,-0.023581306171767742,6.697251575594276,7.775229035367143e-05,1.5935439379286094,1.5935439379286087
2020-09,94,-0.03744332906600323,-0.004540349792304169,-0.023605669820725567,-0.030403782498782183,0.006798112678056617,6.895513658033993,6.98283647564745e-05,1.6419906182806043,1.641990618280604
2020-10,94,-0.02493391286048441,-0.000602200832722128,0.006432519169802347,-0.0201022707611042,0.026534789930906546,7.196694199459452,6.96024793504054e-05,1.440126069837514,1.4401260698375138
2020-11,94,0.10877703737177957,0.009464544591722288,0.002507772399421189,0.03306629520254141,-0.03055852280312022,8.600729225090937,6.854945308118178e-05,1.19967948201717,1.199679482017169
2020-12,94,0.03704860516345265,-0.004953304234884886,-0.011713966083243457,-0.013640547845348133,0.0019265817621046764,6.213743819158732,7.033969213563095e-05,1.690710183358259,1.6907101833582583
2021-01,94,-0.010190489088611088,0.003326379856973701,0.012671237838466397,-0.01556568316994431,0.028236921008410708,6.652633946791302,7.001052453990652e-05,1.7592123262574202,1.7592123262574202
2021-02,94,0.02780546849632537,0.011078259778322583,0.019865365045403913,-0.012110801383385857,0.03197616642878977,8.03007621902391,6.131328252065073e-05,1.381796469531629,1.381796469531629
2021-03,94,0.04539954408860725,-0.0017717259607327486,-0.008569560112546008,-0.013576423641195686,0.005006863528649677,7.048811701509222,5.422152650745296e-05,1.478282664393547,1.4782826643935467
2021-04,94,0.052910156345455484,-0.01823564629025995,-0.027429973250263875,-0.010550044464471267,-0.01687992878579261,6.207369872186877,5.4712367574557665e-05,1.8892871953833936,1.8892871953833934
2021-05,94,0.006565982424354022,0.006385485484156491,0.006800136723476933,-0.018548393214091737,0.02534852993756867,5.265549925063224,4.736722503746838e-05,1.6705131586659634,1.6705131586659638
2021-06,94,0.022427528509005645,-0.001996526121004408,-0.002126352972163405,-0.007344166575931608,0.005217813603768203,4.8867735074586784,6.340881766169423e-05,1.8581106593725027,1.8581106593725025
2021-07,94,0.024412471466121355,-0.00447504938586544,-0.008930534233407082,-0.010524123477642594,0.0015935892442355112,5.278805887243818,7.893432842729682e-05,2.150987606688812,2.1509876066888123
2021-08,94,0.02975982420063894,-0.006379039726703813,-0.007990664082560302,-0.008671477894379203,0.0006808138118189011,5.013028464325066,7.12402286517562e-05,1.749439877498388,1.7494398774983881
2021-09,94,-0.04660538664938707,-0.0062165402575138935,-0.011690115611688565,0.007718739822135643,-0.01940885543382421,4.6375544902602845,6.357496367315981e-05,1.9006208828651474,1.9006208828651479
2021-10,94,0.07016344038764677,-0.004723230699716197,-0.005328700430996012,0.017316735140939742,-0.022645435571935754,6.147764230395741,6.256815717973617e-05,1.419538207220178,1.419538207220178
2021-11,94,-0.008034686602523156,0.013318045681992985,0.030523193558206,0.011884650412951909,0.01863854314525409,5.050533137811625,6.329964457479225e-05,1.928335875708706,1.9283358757087055
2021-12,94,0.046247662445926485,0.011718108536980274,0.007318734089396166,0.005486168344934105,0.0018325657444620605,6.733728565601677,6.217751428959889e-05,1.4862981577954717,1.4862981577954715
2022-01,97,-0.0527412005467125,0.00015238033842365772,0.0011820207695341332,0.023880272840034977,-0.022698252070500843,5.719370330657038,6.285375311289532e-05,2.009566815564941,2.009566815564941
2022-02,97,-0.0295168872429048,-0.00030886013160321205,0.007086180025041321,-0.009454439880791178,0.0165406199058325,7.229372224695586,6.184708518353628e-05,1.6004100194017914,1.6004100194017912
2022-03,97,0.03759029359280586,-0.006448149918929433,0.0008198460002827729,-0.017734892946528705,0.018554738946811478,7.7335260267573505,0.00015377745662207106,1.4056528929782734,1.4056528929782734
2022-04,97,-0.08776918355396368,-0.00830633758409512,-0.022740670231674216,0.023428567037362815,-0.04616923726903703,6.785955670952569,0.00025633862190488046,1.7414679535237934,1.7414679535237934
2022-05,97,0.002257542349220598,0.017705394847185668,0.025842796397807566,-0.0351051427914337,0.06094793918924127,8.612899768765454,0.0005864005598170884,1.364144121406978,1.3641441214069778
2022-06,97,-0.08246046431950171,-0.007536021422158642,-0.016259155353736655,0.009595018326906866,-0.025854173680643522,7.5007268512147105,0.0009327010042502516,1.3856241774228302,1.3856241774228297
2022-07,98,0.09208733650896184,-0.012664767672664813,-0.01857589169484007,0.012520624885680717,-0.03109651658052079,8.677516810893158,0.0012785147646474958,1.4670587959691244,1.4670587959691246
2022-08,98,-0.04080208252313666,-0.006844824672808562,-0.01566477099495736,-0.018113974907720924,0.002449203912763565,6.803449384109015,0.0018095663577918834,1.6032544217687077,1.6032544217687077
2022-09,98,-0.09244581059049828,-0.005577480507103407,-0.011062382637711358,0.025941626593288428,-0.037004009230999786,7.359668633446299,0.001976327069153146,1.3732547917815774,1.3732547917815774
2022-10,98,0.08127527633493692,0.009615676032534916,0.0034619712536856848,0.01923255357824528,-0.015770582324559596,9.110725811876897,0.0023328247041618263,1.4262431987852706,1.426243198785271
2022-11,98,0.05559178061196812,0.014410431523080011,0.00928188117585769,0.00860732401979383,0.00067455715606386,7.822149293077958,0.0029036022972680443,1.4182249838794774,1.418224983879477
2022-12,98,-0.05762825712912778,-0.004397786185824874,-0.01807230894131418,-0.00537847350806433,-0.01269383543324985,6.4629281953409725,0.00319584995332585,1.4761658605028982,1.4761658605028987
2023-01,97,0.06288743846767098,-0.00318818639888592,-0.00013432208658623046,0.01383519388870618,-0.013969515975292411,6.915062738148753,0.003358814819531799,1.4703108005587973,1.4703108005587977
2023-02,97,-0.025142446523391815,-0.003390104946749052,0.0032623856924460116,-0.011943545290619277,0.015205930983065288,6.286247465963564,0.003568932075671221,1.5876726111491852,1.5876726111491855
2023-03,97,0.037077302035405824,0.0015768834158643684,0.007895035677800564,0.0005249157371477629,0.007370119940652801,6.055896255562288,0.0036403340200969617,1.3974574532431994,1.3974574532431994
2023-04,97,0.01597509214289672,0.0032914365272368245,0.0044892187758477885,-0.01789535488728909,0.02238457366313688,6.081392043449701,0.0037802239702511495,1.6054186201052265,1.6054186201052265
2023-05,97,0.004616375527484395,0.012267451790010308,0.044397590040260636,0.01821944517854359,0.026178144861717045,5.294036387345041,0.003993434799000284,1.7269152394261154,1.7269152394261158
2023-06,97,0.06479969025645071,-0.01936593053380101,-0.029492827791807005,0.0010827563263428584,-0.030575584118149864,5.887182959899695,0.0039841092546975794,1.8237800210335033,1.8237800210335033
2023-07,97,0.03273305594516396,-0.0015624115364640222,-0.0046920693770883485,0.0021936734962618894,-0.006885742873350238,5.037196346593344,0.004051746289212017,2.025791771152596,2.025791771152596
2023-08,97,-0.01625192610748194,3.243549304897918e-05,-0.001181644914903383,-0.01181707952955689,0.010635434614653508,5.298909223617001,0.004206306781984345,2.007177567150274,2.0071775671502743
2023-09,97,-0.0474343552719807,-0.004796454357100877,-0.01349636069322387,0.006439978243132502,-0.019936338936356372,4.65830445893496,0.004234760310282306,1.7865031707230663,1.7865031707230663
2023-10,97,-0.02170849356696447,0.004413954046051228,0.005334128523431344,-0.009607345761016987,0.014941474284448331,5.8933144197584895,0.004179905284522394,1.6370903072254763,1.6370903072254763
2023-11,97,0.09134369583921176,-0.015600198726951404,-0.022145069380026392,0.02941794718393322,-0.05156301656395961,5.956892231401651,0.004177081370055243,1.6082162485698877,1.6082162485698877
2023-12,97,0.045655250411731796,0.002073967656473878,-0.002709358239064645,0.01674451505252323,-0.019453873291587875,4.55722197380524,0.004239250057330151,1.8352422006147435,1.8352422006147433
2024-01,97,0.015926617018114486,0.00940687597666545,0.011554394105402349,0.0028211275280736,0.008733266577328749,5.098591774218969,0.004215204215361775,2.108416936057644,2.1084169360576444
2024-02,97,0.05218673395232387,-0.012907077761254448,-0.017732119131539534,0.004999530698740559,-0.02273164983028009,5.72868876400176,0.004187217407398922,2.054067817662402,2.054067817662402
2024-03,97,0.032701939103215505,-0.008403727339315622,-0.008604848279382984,-0.0019172976710569317,-0.006687550608326051,5.197584251374222,0.004210807299501461,2.076265596531285,2.076265596531285
2024-04,96,-0.04031954733680698,-0.007843846321991024,-0.013375876436783164,0.0011653161393505617,-0.014541192576133725,5.460232435833967,0.004199141342641708,2.25950879204893,2.25950879204893
2024-05,97,0.05057963393354492,-0.018182063824771992,-0.021731031125782403,-0.004713689141183306,-0.0170173419845991,6.085745264479391,0.00417135814783604,1.8991305037168893,1.899130503716889
2024-06,97,0.035280160641754765,-0.008957508925391027,-0.012104932406737313,-0.0030397134534732428,-0.00906521895326407,5.167250268230999,0.004212154633919407,2.0540387952006314,2.0540387952006314
2024-07,97,0.012108972455180167,0.012833314407592958,0.01625443894887332,0.003403635122273971,0.012850803826599349,5.7133543408520815,0.004187898511360487,2.322831577563705,2.3228315775637056
2024-08,97,0.02336554202963792,0.00374029382301673,0.0012511799437144016,-0.009596425192594802,0.010847605136309203,6.376741347156346,0.004158433071830473,1.9028129996140914,1.9028129996140912
2024-09,97,0.021004576352000814,-0.00045569405880520504,-0.0022724584757140235,-0.0077377925920702854,0.005465334116356262,5.136916285087775,0.004055396828812498,1.9879881490220257,1.9879881490220261
2024-10,97,-0.008923398815693484,0.0005684165833739364,0.005553155912869727,-0.014834290647276363,0.02038744656014609,6.403218630501381,0.0037672704501223193,2.2047264443128007,2.2047264443128016
2024-11,97,0.05963351362768754,-0.01013860123235926,-0.016602475310435984,-0.0015554414359061396,-0.015047033874529846,6.992196734112486,0.0035963017262809834,1.633787236568394,1.6337872365683945
2024-12,97,-0.02406010339609721,-0.004517084164112105,0.014107861126908398,0.014596947167674063,-0.0004890860407656641,5.4075319032623375,0.003531452142278206,2.366616130988478,2.366616130988478
2025-01,97,0.02685633659714526,0.013632731261909697,0.006219497180821092,3.4830630333780624e-05,0.006184666550487311,6.253419329657442,0.003382689119188194,1.9399282147539458,1.939928214753946
2025-02,97,-0.012694826224656452,0.01615615390015297,0.01634874947511289,-0.0020829029721254875,0.018431652447238378,6.515686462939523,0.003373225646795599,2.1192233301410255,2.119223330141025
2025-03,97,-0.05571910513222289,-0.010384543074629729,-0.026102511405488103,-0.007213647829964864,-0.01888886357552324,6.495086605334836,0.003373968958324168,1.8473642206625658,1.8473642206625662
2025-04,96,-0.008670223998505366,0.01054525179590475,0.013130104057265172,-0.020304147413686215,0.03343425147095139,7.427345632000709,0.003340329945111974,1.778678324926998,1.7786783249269977
2025-05,97,0.06284495254464906,-0.009209518435867581,-0.013188588154581501,-0.0016124085212988809,-0.01157617963328262,7.587133092501628,0.0033345642809122326,1.5363724153734277,1.536372415373428
2025-06,97,0.05138613709397677,-0.006717000105678047,-0.010175375844660122,0.004969733137877805,-0.015145108982537927,6.362538530534283,0.003378751734689888,1.8336139711020745,1.8336139711020745
2025-07,97,0.02303149096060908,-0.010865459184812631,0.003915803338332732,-0.004713296219477175,0.008629099557809907,6.436843510178987,0.0033760705633410415,2.0784362707630355,2.0784362707630355
2025-08,97,0.020519412461037057,-0.0028631416738463204,-0.004691672395524564,-0.014178204171578033,0.00948653177605347,6.456230932218373,0.00337537100052912,2.196717060598441,2.1967170605984414
2025-09,97,0.035620488101362424,-0.0005894833878879076,0.000574113637060265,0.008255759157135117,-0.007681645520074852,5.652582451517182,0.003317884183788312,2.1036600301672084,2.103660030167209
2025-10,97,0.023837394994002947,0.001852675410008749,0.00759148997376603,0.0011553923263552988,0.006436097647410732,7.016803402585349,0.003169177284028549,2.373880296738456,2.373880296738455
2025-11,97,0.001949968878745878,0.00938823327582694,0.020245057247592194,-0.011218845511970388,0.03146390275956258,7.036456405748565,0.0030058212428807963,2.109542140646528,2.1095421406465276
2025-12,97,0.0007975201147529809,0.00873373783685298,0.009336750089723886,-0.020288070832230224,0.02962482092195411,6.216861510612355,0.002907277293171017,2.04512683375244,2.045126833752441
2026-01,98,0.014737783295277307,0.027632162538910928,0.04041615303717156,0.02572031258054291,0.014695840456628652,6.2226234662988675,0.002844580421522268,2.135506241331484,2.1355062413314836
2026-02,98,-0.008641914713669485,0.021881337804744026,0.03571710871866812,0.011041429944318506,0.024675678774349615,7.167434087816922,0.0028159211660028867,2.162464029654197,2.1624640296541973
