ym,n,long,short,disp,cash,spy,capin,ratio,vix
2007-01,83,-0.0017008184204637229,-0.0014046088667635196,-0.0031054272872272424,0.004239277175264066,0.015040638063138267,3.102235993964192,2.8000741852956383,11.56
2007-02,83,-0.019425581292657163,0.009986543076226794,-0.009439038216430369,0.004263301949886292,-0.019618088447923343,2.7383585577271976,2.742048511507376,10.42
2007-03,83,-0.01710587197223807,0.005159702820326044,-0.011946169151912026,0.0042275973541528455,0.011588972879728487,3.5529120725586574,2.4041005361900663,15.42
2007-04,83,0.008404217015854231,-0.022735122849818594,-0.014330905833964363,0.0042287107421787856,0.044296530158762115,3.343754464484879,2.38311961803076,14.64
2007-05,83,0.005389828566700451,-0.014524177325211371,-0.009134348758510921,0.004249363840437175,0.033918850481308827,2.8716836471502782,2.1071213038351626,14.219999999999999
2007-06,83,-0.022180121509981273,0.012507138881454863,-0.00967298262852641,0.004237878982453262,-0.01462022340073843,3.134194686782591,2.505924589539709,13.05
2007-07,84,-0.026110752037412133,0.015742263379832012,-0.010368488657580121,0.0042206105452544124,-0.03131015777461721,3.7123069523708407,2.358178657540956,16.23
2007-08,84,-0.017172615101613088,0.012033576582665116,-0.005139038518947972,0.004004995688082781,0.012832870254745332,4.263051280889707,1.8686784838062223,23.52
2007-09,84,0.003795536524945048,-0.009842346502698532,-0.006046809977753484,0.003945100871185417,0.0387139777571861,4.167590173633598,1.8377729046646993,23.38
2007-10,84,0.012669818727251403,0.006062983599255595,0.018732802326507,0.003843106719386822,0.013566772072665101,3.114956654113725,1.7841478797287453,18.0
2007-11,84,-0.02449241882181444,0.017973144819980726,-0.006519274001833716,0.003611958697725569,-0.038731930466605724,3.466582688848952,1.9287568889976092,18.53
2007-12,84,-0.021676091228991935,0.022182721102696125,0.0005066298737041904,0.003397853401672753,-0.011260476688119692,3.834337688506981,1.7285244992062534,22.87
2008-01,84,-0.025979315830544244,0.021823840175367853,-0.004155475655176391,0.0031593229724555514,-0.060461959791497155,3.776965305922282,1.7306602667413544,22.5
2008-02,84,-0.0207832117768393,0.025412649448650567,0.0046294376718112665,0.0023835176803510658,-0.025842575753694863,4.019422267742326,1.581662028535856,26.200000000000003
2008-03,84,-0.01504316333501873,0.025742431922411678,0.010699268587392948,0.002083587928061293,-0.00894192481715439,4.202853882239393,1.6326561122534569,26.539999999999996
2008-04,84,0.011272917131506553,-0.015195786964021683,-0.0039228698325151305,0.0018200050092438266,0.04766210336410892,4.210262671377536,1.6949268468503187,25.61
2008-05,84,-0.00580631904308589,0.007467530157917096,0.0016612111148312063,0.001593134398671773,0.01511630733824143,3.4464000804985893,1.709080614143998,20.79
2008-06,84,-0.028027666649517183,0.01729418090341372,-0.010733485746103461,0.0016150430806287919,-0.08357556616623507,3.0974151622724984,1.7910158217791599,17.83
2008-07,84,0.007474579370439445,0.02323026543111378,0.030704844801553225,0.0016135185348861642,-0.008985377528498484,3.670535230676739,1.5800659882949752,23.95
2008-08,84,-0.00950883994838467,0.009269380768570047,-0.00023945917981462242,0.0016036801576593395,0.015453853244979499,3.779190540439638,1.698465465688218,22.94
2008-09,84,-0.019605162871838624,0.020029435538726496,0.00042427266688787116,0.0014567634252718317,-0.09417395049091415,3.4189994294918296,1.7069874100452134,20.65
2008-10,84,-0.06169674990271092,0.038206269533677326,-0.023490480369033596,0.0007583342658848435,-0.16518725833443826,6.185451643112149,1.618962468361355,39.39
2008-11,84,-0.06326592848267008,0.05809021280456803,-0.005175715678102051,0.0002998913761159466,-0.0696065511374776,7.725730425862602,1.3299538860107385,59.89
2008-12,84,-0.03132436582824836,0.045932770125426056,0.014608404297177698,0.00012343828533251257,0.009796608866161627,7.421286000615567,1.3702036015492602,55.84
2009-01,84,-0.03927797369989163,0.038797938089542856,-0.0004800356103487752,0.00011827145960293447,-0.08211454549608199,5.382832317652429,1.3874016462496637,40.0
2009-02,84,-0.05491780870142948,0.04349248859837753,-0.011425320103051952,0.00017218715262263631,-0.1074485754439759,6.079734933107469,1.397881594969084,44.84
2009-03,84,0.0381814522761585,-0.025024410723269594,0.01315704155288891,0.0001407008801025457,0.08331133510062783,6.199413264969519,1.3789616725797074,46.35
2009-04,84,0.07222473073798169,-0.04063626484588384,0.03158846589209785,0.00011807152080213211,0.0993449875329695,5.54278335829431,1.2946337400361665,44.14
2009-05,86,0.010110510525132343,-0.014023950365639486,-0.0039134398405071425,0.00014291496868189214,0.05845348868065603,4.723354212071894,1.3031362659211505,36.5
2009-06,86,-0.012035141939779517,0.028718788030138043,0.016683646090358526,0.00016858906346366336,-0.0006547938579155588,3.6633923064780696,1.2756082543015521,28.92
2009-07,86,0.04329463215138413,-0.0379939669611404,0.0053006651902437266,0.00012886531790165672,0.07460539053645654,3.3510115737574666,1.2806412564536591,26.35
2009-08,86,0.00972208252342046,-0.006028470347211603,0.0036936121762088563,0.00012914937638131918,0.03693968719573393,3.137967714010628,1.2191177489720544,25.920000000000005
2009-09,86,0.008372226882669186,-0.0046650284651412735,0.0037071984175279125,0.00012109208586251973,0.035458212706896974,3.12633130998422,1.2103941842998747,26.009999999999998
2009-10,86,-0.01287871369565153,0.025431817477587663,0.012553103781936133,9.690719980419471e-05,-0.01922594837950542,3.092800195805278,1.2161144985138694,25.61
2009-11,86,0.02386619709020984,-0.022505577544012684,0.0013606195461971539,9.583295567370066e-05,0.061607035736827465,4.167044326299337,1.367298735771457,30.69
2009-12,86,-0.004274269192261476,0.00791213650955612,0.003637867317294644,9.669385095969726e-05,0.01910155146363346,3.306149040302738,1.3583487791407933,24.51
2010-01,86,-0.015784382354155333,0.021529160597973468,0.005744778243818135,8.904988178356017e-05,-0.036343145054362314,2.8546744179343606,1.3259571384325453,21.68
2010-02,86,-0.002501905455864844,-0.002379601849751482,-0.004881507305616326,0.00010466115732881472,0.031195706149957037,3.3897009272479397,1.3864541563053214,24.62
2010-03,86,0.0203297836973968,-0.03299140801987041,-0.01266162432247361,0.00012893698040483367,0.060878762847081935,3.2972646963747616,1.7027519320585134,19.5
2010-04,86,0.0015254367386731613,0.004163447465852812,0.005688884204525973,0.000161769346784976,0.015469964486541254,2.9383919290143994,1.682193937359778,17.59
2010-05,86,-0.03450978752492746,0.021896586309285745,-0.012613201215641717,0.00016061819111274885,-0.07945363731354038,3.6290853323506957,1.6573749355677874,22.05
2010-06,86,-0.03657841004335845,0.031846871788607435,-0.004731538254751012,0.0001437354443249322,-0.05174157832485071,4.176370450045184,1.3113911086046433,32.07
2010-07,86,0.02108512692882009,-0.024439060665760758,-0.003353933736940668,0.00014367258534380713,0.06830086899766674,4.2182764374619,1.2298294377355965,34.54
2010-08,86,-0.018478693353669882,0.02333649788064467,0.004857804526974787,0.00015384235997714662,-0.044981236688190984,2.836404224960018,1.21543696893463,23.5
2010-09,86,0.0477878678195194,-0.05114936616629749,-0.00336149834677809,0.00015354840203125997,0.08955595619489287,3.022061874993702,1.1682285209806622,26.05
2010-10,86,0.010987194975081827,-0.009318397890539185,0.0016687970845426416,0.00015424602628337603,0.03820174914393615,2.581457084183543,1.0968537992749745,23.7
2010-11,86,-0.0019142486945436493,0.02105250021573051,0.019138251521186863,0.00015470886107713091,0.0,2.2891403723383714,1.0873484616463354,21.2
2010-12,86,0.028942532124170105,-0.03411603214345048,-0.0051735000192803735,0.00014615967934304165,0.06685145549141325,2.5602137713055577,1.0952214760967853,23.54
2011-01,86,0.008687751447767995,-0.0024119446037434112,0.006275806844024584,0.00013899210014579053,0.02330052130477056,1.8879293088537383,1.0710741840920637,17.75
2011-02,86,0.010283978462711691,-0.010479678903616263,-0.00019570044090457157,0.00013052289008458226,0.03473697465828662,2.107832436563315,1.086841017983473,19.53
2011-03,86,-0.0014186554992996231,0.018119370748593676,0.016700715249294052,0.00011435726050412809,0.00011971912508057514,1.9794909964616443,1.0862996574984831,18.35
2011-04,86,0.019792895304628227,-0.007290432899262677,0.012502462405365549,8.172064245810174e-05,0.0289616351081301,1.935229050277907,1.0985275161127792,17.74
2011-05,86,0.0004883600544060447,0.014647376329340803,0.015135736383746847,7.3807481061535e-05,-0.011213398776073413,1.5900252512866508,1.085535877235298,14.75
2011-06,87,-0.010943968994717864,0.015520907286624709,0.004576938291906845,7.361384076825312e-05,-0.016870342424195273,1.8482123089958429,1.1907888339675592,15.45
2011-07,87,-0.009414561029334863,0.016595818017801953,0.00718125698846709,5.712341349373131e-05,-0.02000431221206589,2.074148296460616,1.2498017839408246,16.52
2011-08,87,-0.0253493466425979,0.025365884076846208,1.6537434248307947e-05,8.064265095053548e-05,-0.05497569778050493,3.2288188593574185,1.27289821619293,25.25
2011-09,87,-0.03613745102128513,0.031765118990490185,-0.004372332030794943,6.403178075851575e-05,-0.06942137992680353,3.9523288622263744,1.2442354972476632,31.620000000000005
2011-10,87,0.04029188311350503,-0.051801430756392194,-0.011509547642887162,5.510435825462143e-05,0.10914780956140735,5.535385849220419,1.2826111338999608,42.96
2011-11,87,-0.012762787485870383,0.030097500472962873,0.01733471298709249,6.437579364005193e-05,-0.004063168982097021,3.4363095399221026,1.1417258861774922,29.960000000000004
2011-12,87,-0.004084657658907968,0.01883767074850115,0.014753013089593182,5.649778656109e-05,0.010448179853723483,3.1466516095600143,1.1267180313975709,27.800000000000004
2012-01,88,0.03857598933262168,-0.01703139915930928,0.021544590173312398,6.478639888827362e-05,0.046373855279107756,2.820401667589565,1.1861594274517078,23.4
2012-02,88,0.012807567870072527,-0.018443415980702656,-0.005635848110630129,8.131464916346693e-05,0.04340580571689112,2.4224210038396805,1.2263129723076625,19.44
2012-03,88,0.01482334222238228,-0.009576242809399055,0.005247099412983226,0.00010584850770902397,0.03216322502391944,2.29368519167018,1.2247753442204876,18.43
2012-04,88,-0.005111444733907115,0.01575011534349299,0.010638670609585874,0.00011443074565346492,-0.006675790338032006,1.9165037256015105,1.2168188510399043,15.5
2012-05,88,-0.017491721898620805,0.017426740525219662,-6.498137340114202e-05,0.00013053465645939834,-0.06005512830051074,2.0990076554512513,1.2044751870917028,17.15
2012-06,88,0.009948992071595157,-0.0112634442425259,-0.0013144521709307425,0.00012950602491180872,0.040581463410820584,2.8704813161434535,1.1741053336681124,24.06
2012-07,88,0.0040864892000157214,0.006946456120513716,0.011032945320529439,0.00013062453753353572,0.011828585058570207,2.0315968498482175,1.170570631664491,17.08
2012-08,88,0.010100619498280637,-0.002811212387724439,0.007289407110556198,0.00010589398986729897,0.025053040723024278,2.2517016609547964,1.1705991212424174,18.93
2012-09,88,0.006963190049686627,-0.004556682380602003,0.002406507669084624,0.00011410779762728765,0.025350666565260527,2.1933163194677423,1.2355386189272848,17.47
2012-10,88,-0.0006197394411114337,0.015983826732460953,0.01536408729134952,0.00013043692210207771,-0.018198322776734388,2.172308423441732,1.3590665488321847,15.73
2012-11,88,-0.009253884110659714,0.013919430444087758,0.0046655463334280434,0.00012929229858517087,0.00565989541829981,3.0307760611218666,1.6035734739206224,18.6
2012-12,88,0.0003581897717071715,0.008263820366594671,0.008622010138301843,0.00012992327500017744,0.008934392582039319,2.557543749866926,1.5859668461611907,15.869999999999997
2013-01,88,0.031657808775863966,-0.026736781286890898,0.004921027488973068,0.00011331019811884059,0.05119040970942468,2.876973040993793,1.571190936524817,18.02
2013-02,88,-0.002129233839619628,0.00328234801849902,0.001153114178879392,0.00012227324173747544,0.012759182757943188,2.181406610019643,1.5033371055038078,14.279999999999998
2013-03,88,0.014965335409340232,-0.017654198630272712,-0.0026888632209324803,0.00011385011203584798,0.03797099470284482,2.4141896835588916,1.5318193507973707,15.509999999999998
2013-04,88,0.01215495004826566,-0.0040022065346910305,0.00815274351357463,0.00012256173770604087,0.019212658808656302,1.9506098351672914,1.511522611065364,12.7
2013-05,88,0.017102642764867775,-0.007037718587254488,0.010064924177613286,8.973518073958083e-05,0.023608958764403942,2.1070755568209183,1.5337387035201695,13.52
2013-06,88,-0.02711714504566362,0.016563024522511984,-0.010554120523151637,7.221170287881473e-05,-0.013344108063055304,3.7177294949136925,2.2445957801129026,16.3
2013-07,89,0.020152949166270022,-0.02866585016727781,-0.008512901001007787,7.219931382034686e-05,0.051677071489745874,3.734248239537508,2.155193356709451,16.86
2013-08,89,-0.017237294947468382,0.013822342794668829,-0.003414952152799553,6.491400708760844e-05,-0.02999261966370581,2.6289893685873547,1.901985363582023,13.449999999999998
2013-09,89,0.00645473446905011,-0.010684461345725768,-0.004229726876675659,6.472155241400699e-05,0.031646468905837555,2.917671378989516,1.6690628342215716,17.01
2013-10,89,0.016502980775981203,-0.024153805321118584,-0.00765082454513738,7.288817470724239e-05,0.046307136039476005,2.815767057010134,1.6505521879721956,16.6
2013-11,89,0.010808671619433045,-0.012246487658604569,-0.0014378160391715234,6.507658376661972e-05,0.029637230895528832,2.3851243500704253,1.6879087054920012,13.750000000000002
2013-12,89,0.004665393350028978,-0.00899506869423633,-0.004329675344207352,7.320477360574812e-05,0.025926216133364655,2.393635192335846,1.7001139046627523,13.699999999999998
2014-01,89,-0.01233126041870084,0.014099817334041366,0.0017685569153405266,5.6923928564259e-05,-0.035248134485849736,2.4161224612702856,1.7135842288091283,13.720000000000002
2014-02,89,0.013541141823911635,-0.021589393638793964,-0.00804825181488233,5.667686487173545e-05,0.04551578257312827,2.8396602198820875,1.5009050336187542,18.41
2014-03,90,-0.0016880928851807275,0.0070834451982565655,0.005395352313075838,6.524884913125641e-05,0.008295312872580007,2.126726303115393,1.4617452423765827,14.000000000000002
2014-04,90,-0.0039032576677635834,0.008167956377992348,0.004264698710228765,7.337567544533762e-05,0.006951736386045848,2.1657660728831654,1.5014476767301321,13.88
2014-05,90,0.008348611500579351,-0.00694962374982187,0.0013989877507574813,7.34409870732546e-05,0.023206338386134506,2.078683902327199,1.4915842786089364,13.41
2014-06,90,0.0072991254703980045,-0.006733214197283831,0.0005659112731141733,8.192983006025116e-05,0.020644935245616614,1.6842039276986052,1.4216017412675654,11.4
2014-07,90,-0.006187764273800519,0.012023896706143147,0.005836132432342628,7.367263772824781e-05,-0.013437495693311208,1.7698163623362482,1.4719158069879532,11.57
2014-08,90,0.011516950572661208,-0.01790208782881544,-0.006385137256154232,7.30589436847265e-05,0.039463382824212134,2.588075087031324,1.469248621613077,16.95
2014-09,90,-0.009959110212821178,0.01244998120480509,0.0024908709919839126,7.352500097461837e-05,-0.013795513159614692,1.966665367175486,1.5796532820599347,11.98
2014-10,90,0.009881993133630721,-0.004245279848770105,0.005636713284860617,7.308181062786179e-05,0.023550143390710154,2.5575858295176017,1.5089136185852847,16.31
2014-11,90,0.014598983769367494,-0.010144814169940296,0.004454169599427198,7.322199148582811e-05,0.027472464297839005,2.3706780188958434,1.625934417167313,14.029999999999998
2014-12,90,-0.010586746728087295,0.013852942358935881,0.0032661956308485864,9.768125590687439e-05,-0.002536679370677364,2.3187440931256025,1.673827864901127,13.33
2015-01,90,-0.01822257313439933,0.01995322530319347,0.0017306521687941376,8.860348559387652e-05,-0.02962950716292445,3.341652079407439,1.6747428190832967,19.2
2015-02,90,0.018700603016478818,-0.028791612528050167,-0.01009100951157135,8.815740208897071e-05,0.056204750876535314,3.8282886302137755,1.7566869108166483,20.97
2015-03,90,-0.016681048339944993,0.013863334663781292,-0.002817713676163701,8.949961087558379e-05,-0.015705430849381474,2.3640608629994997,1.7052613388723392,13.34
2015-04,90,0.0019614550879519534,0.007039480466745681,0.009000935554697635,9.744226094794658e-05,0.009833726268767995,2.557739052053406,1.6096700787223157,15.289999999999997
2015-05,90,-0.003243687606336663,0.003550702194319254,0.000307014587982591,9.749942020046056e-05,0.012855668173063384,2.5005797995394246,1.653734731264865,14.550000000000002
2015-06,90,-0.01483018691166174,0.014382949906051956,-0.0004472370056097831,0.00010574376308707548,-0.02031200196396088,2.390372535007242,1.6619487313944115,13.84
2015-07,90,0.006274580689035028,-0.0013853317615667993,0.004889248927468229,0.00010505652486047455,0.022589448327505757,3.0247462826388745,1.5965789728578113,18.23
2015-08,90,-0.020582117948829807,0.012595473472640874,-0.007986644476188933,0.00011423101964563214,-0.060949912233451586,2.0876974466010374,1.6574981886435691,12.12
2015-09,90,-0.035175932428180845,0.02954532267550991,-0.005630609752670934,0.00011157367891071948,-0.025516373837869866,4.365418076526178,1.4775327128664832,28.43
2015-10,90,0.04365535203742416,-0.05109258292918889,-0.007437230891764728,9.629697748815926e-05,0.08505969977827932,3.703022511840724,1.454381662603052,24.5
2015-11,90,-0.004945444848618301,0.012371405365699811,0.00742596051708151,9.804859490536398e-05,0.0036553311514866405,1.9514050946360182,1.2460122281421282,15.07
2015-12,90,-0.010324100544638828,0.016762787715651598,0.00643868717101277,0.00019591302564001,-0.017282678287804276,2.043487179994982,1.219061658871308,16.13
2016-01,91,-0.0137498090782067,0.019134658091536413,0.005384849013329713,0.00027682899304659245,-0.04978637900010785,2.2956495129673673,1.1997337511783253,18.21
2016-02,91,-0.012129810981946498,0.0212257052964874,0.009095894314540904,0.0003087344453502061,-0.0008255955490271694,2.5049119946717417,1.180131335888412,20.2
2016-03,91,0.03654458768426003,-0.039618367902849554,-0.0030737802185895266,0.00029187089482667864,0.06726576408880303,2.709701724440435,1.2548704740749805,20.55
2016-04,91,0.00864674336839468,0.011072352739858519,0.019719096108253197,0.0003030571545520115,0.003940651917139437,1.7111931182665525,1.1673848605301067,13.95
2016-05,91,0.002171343441786267,0.0010162883991750955,0.0031876318409613624,0.00030242336165254343,0.017011998013900298,1.9167475721480907,1.1618618955150783,15.7
2016-06,91,0.006695518757693066,0.011747220966758768,0.018442739724451835,0.00031119471254125857,0.0034761666101963407,1.7279855132867665,1.158902610473118,14.19
2016-07,91,0.02552843428736983,-0.016765016784957346,0.008763417502412482,0.00031867304354694405,0.0364710647829527,1.9467558317095373,1.1853367398746861,15.629999999999999
2016-08,91,0.002847418150388075,0.01138312169902561,0.014230539849413684,0.00032839324418706484,0.0011973704465775281,1.4820267438805508,1.188213715700761,11.87
2016-09,92,-0.005879452205339716,0.014202601858823312,0.008323149653483596,0.00032711729352067373,5.847050893725836e-05,1.864811943797877,1.3080529681604358,13.419999999999998
2016-10,92,-0.0048803402276246174,0.014118292542655432,0.009237952315030815,0.00032699027892714287,-0.017337657732570566,1.9029163218571317,1.3478374358003087,13.29
2016-11,92,0.023360489651228913,-0.01576814914328586,0.007592340507943052,0.000331895137579878,0.036838483731799876,2.859959732718617,1.578060669717414,17.06
2016-12,92,0.001737657466059602,-0.004489154568975795,-0.002751497102916193,0.0004395923440212522,0.02027167401243868,2.31281243972175,1.6332515142272261,13.33
2017-01,93,0.007802269066354739,-0.0015648326449348756,0.006237436421419863,0.0005281139403381257,0.017894611306086494,2.5020417837306543,1.6594918865000743,14.04
2017-02,93,0.016548339907373713,-0.023665793117748118,-0.007117453210374405,0.0005357065189518257,0.03929194882908993,2.598814736031701,2.018384120398543,11.99
2017-03,93,-0.013274082667866626,0.012712003341924119,-0.0005620793259425074,0.0006401251400589365,0.0012499101580920602,2.7658015100349673,1.9934538179663461,12.920000000000002
2017-04,93,-0.01104432187142386,0.004052767077290823,-0.006991554794133037,0.000725215673656738,0.009925831598148305,3.3045768457682754,2.487676130417136,12.37
2017-05,93,0.0019878809449721314,-0.001505740485582275,0.0004821404593898565,0.000736480204599231,0.014112935616212186,2.8817312616398736,2.4801268851588167,10.82
2017-06,93,-0.005047123014855767,0.005250038133915197,0.00020291511905942954,0.0008424797313750058,0.006375230309995539,2.790800225960867,2.496466272679766,10.41
2017-07,93,0.0017273244822622108,-0.00710924192146735,-0.005381917439205139,0.0009297458962646564,0.02055389817119546,2.983036911514109,2.484645917054159,11.18
2017-08,93,-0.010801650815220205,0.008304119322669617,-0.002497531492550588,0.0009389635797036966,0.002918066961760779,2.8658365823762066,2.6010682297182606,10.26
2017-09,93,0.004682358983133284,-0.007366199171580895,-0.0026838401884476107,0.0009299166086031732,0.020148922971953365,2.9652234501036574,2.6074089328409906,10.59
2017-10,93,0.01243454767235447,-0.011702265029601077,0.0007322826427533929,0.0009317549129342347,0.023564282796977087,2.7734003894711514,2.7156871568667653,9.51
2017-11,93,-0.0011556182859379562,-0.017494494693397804,-0.01865011297933576,0.000929619455875242,0.030566136097257557,3.83247008187151,3.5057317216390502,10.18
2017-12,93,-0.021576474879786974,0.0008338986523141759,-0.0207425762274728,0.0010385227354655037,0.012128356855375833,4.136362880107372,3.414736648215464,11.28
2018-01,96,0.023104524736170463,-0.04186606152695202,-0.018761536790781557,0.0011247322921670412,0.05635837470094862,4.278102794294358,3.4957594541252512,11.04
2018-02,96,-0.02813699213962279,0.015009259478068863,-0.013127732661553926,0.0011385640310914488,-0.03636030738681917,3.7833213162155928,2.520658212181409,13.54
2018-03,96,-0.03657613008260746,0.02200397345935502,-0.014572156623252442,0.0012036484052661137,-0.027410348986241284,4.345822098057186,1.9750169695871695,19.85
2018-04,96,-0.01754684610308489,0.017175409422640175,-0.00037143668044471376,0.0013521717339423044,0.005168318269516803,3.9878058739192084,1.8014215031791636,19.97
2018-05,96,0.0005774977853269281,-0.005677741691887858,-0.00510024390656093,0.0013702328313353464,0.02430869383876466,3.2776824939755547,1.856139036227745,15.93
2018-06,96,-0.009376749110653717,0.011583410381462418,0.0022066612708087005,0.0014692256296008075,0.00575097682650183,3.1279804658808343,1.828763330359072,15.43
2018-07,96,0.010566881459683595,-0.017728330003166697,-0.007161448543483101,0.0015399171427566644,0.037046142082487465,3.251278989110088,1.8228779517298048,16.09
2018-08,96,0.01018998565220386,-0.01642158600290936,-0.006231600350705498,0.001551280849131734,0.03192062666043638,2.537328850362254,1.7840601797292124,12.83
2018-09,96,-0.0016340145788037214,0.008547833411646543,0.006913818832842821,0.0015839298559807535,0.005945455786425358,2.5273934781074736,1.7729287822383537,12.86
2018-10,96,-0.013139111156805272,0.013435171704150265,0.000296060547344993,0.0017821633201799397,-0.06910425210112048,2.3472153326060505,1.7470676105173788,12.12
2018-11,96,0.011579296756595721,0.005726621643226527,0.017305918399822248,0.0017728483415192242,0.018549061551430546,3.2991813716786966,1.4018953522757407,21.23
2018-12,96,-0.028316578916405596,0.02003082117937255,-0.008285757737033047,0.001836284054581307,-0.08804875854623961,2.9277151763185794,1.4616051684059255,18.07
2019-01,97,0.04632337736714759,-0.049192197033995605,-0.002868819666848016,0.0019284187219582622,0.08006609287528677,3.5790639020868937,1.2570507275605338,25.420000000000005
2019-02,97,0.02079363069330136,-0.012883610480991686,0.007910020212309675,0.0019553141496049093,0.03241546058176037,2.2342925197545322,1.203861208364993,16.57
2019-03,97,0.008036611300872352,-0.001002993825301456,0.007033617475570896,0.0019682956103994963,0.018100488210133436,1.993579565170303,1.2042538313847198,14.78
2019-04,97,0.02833910155493838,-0.024270723585905835,0.004068377969032543,0.0019787273632174943,0.04085230890273195,1.8812877743391228,1.2251144881881435,13.71
2019-05,97,-0.013797145236527529,0.014695180931629706,0.0008980356951021774,0.001955720759507033,-0.06377073590550375,1.8048154222410364,1.2281682210229725,13.119999999999997
2019-06,97,0.04841986482479704,-0.046542237345710794,0.0018776274790862496,0.0019351357923874535,0.06958613505834466,2.430128114918292,1.159616216020999,18.71
2019-07,97,0.00661823151394468,0.0022246102892392863,0.008842841803183966,0.0019621446681596156,0.015119471449440258,1.892766592019219,1.1206103203007602,15.079999999999998
2019-08,97,0.003928033850103766,0.018055359498313328,0.021983393348417094,0.0017388652494937057,-0.016743230399721587,2.0357605919039057,1.1275104171113732,16.12
2019-09,97,0.00029866068288322833,0.002384702695807984,0.0026833633786912123,0.00165898978247622,0.019457759831007282,2.4123657366929527,1.1347647611676204,18.98
2019-10,97,0.015062461549592027,-0.003251493326105602,0.011810968223486425,0.0014934693645650913,0.022104391718645644,2.0675826514694196,1.1366735441296179,16.24
2019-11,97,0.022736582658479727,-0.020305625041375914,0.0024309576171038134,0.001268737687097103,0.036198775180647846,1.7751468053855697,1.1988413594761873,13.22
2019-12,97,0.015806300068695413,-0.014048186042442071,0.0017581140262533414,0.0012703492148663205,0.02905498681748231,1.650383365188079,1.167573905138405,12.619999999999997
2020-01,96,0.005756014970156642,0.01527530248211144,0.02103131745226808,0.0012653886063045863,-0.00040354711421108913,2.0344304796449286,1.3318430073822787,13.780000000000001
2020-02,96,-0.0215023865804441,0.020884375817342496,-0.0006180107631016049,0.0012772456338520915,-0.07916579355684272,2.994002492246217,1.4336087984779422,18.84
2020-03,96,-0.04941178745790766,0.04446243705061611,-0.004949350407291553,0.0005120311644544083,-0.12487146305300578,5.4711696391861615,1.230515014945711,40.11
2020-04,96,0.050752880731156365,-0.06255474319549703,-0.011801862464340666,3.900747969275345e-05,0.12698385765346787,6.382048737391727,1.0753284800249885,53.54
2020-05,96,0.01832181867257212,-0.007883842874633399,0.01043797579793872,4.010632966955231e-05,0.047645359713394564,3.744808793074456,0.9892324143233961,34.15
2020-06,96,-0.007627015615987209,0.013470429182452651,0.005843413566465442,6.462217595853272e-05,0.017734114745758367,3.0667360622009285,1.005646180391925,27.51
2020-07,96,0.015110407563096786,-0.022804577995463177,-0.007694170432366391,7.24125535708409e-05,0.05889230612815477,3.449928572212121,1.0227454351440033,30.43
2020-08,96,0.038135638056563975,-0.0398904245805126,-0.0017547865239486218,8.103933324200815e-05,0.06979650077345712,2.7528001095902175,1.0152608112078032,24.46
2020-09,96,-0.022160553060229418,0.02927581556985219,0.007115262509622772,7.265077240823461e-05,-0.03744332906600323,3.1323034556871825,1.0699286748181263,26.41
2020-10,96,-0.018489982408040947,0.029231475069178427,0.01074149266113748,7.272753061993522e-05,-0.02493391286048441,3.02995917341969,1.0365399509429716,26.369999999999997
2020-11,96,0.07887569340209459,-0.062280309986496404,0.016595383415598186,7.18561200763565e-05,0.10877703737177957,4.191839898191316,0.9946080572809416,38.02
2020-12,96,0.018251472566343744,-0.01276455848543179,0.005486914080911953,7.320808357435715e-05,0.03704860516345265,2.389221900857127,1.0478077202947342,20.57
2021-01,96,-0.009733952972934334,0.025218659758202852,0.015484706785268518,7.293586482205726e-05,-0.010190489088611088,2.7521802372569777,1.0913269236529424,22.75
2021-02,96,0.01315354555548761,0.0099874294258983,0.02314097498138591,6.415815999788731e-05,0.02780546849632537,3.7627600031690256,1.0258152485293868,33.09
2021-03,96,0.02079891662265965,-0.012600637479270881,0.008198279143388769,5.6373080848184725e-05,0.04539954408860725,3.360432831683334,1.0846080053477356,27.949999999999996
2021-04,96,0.018948359655785906,-0.029288607264862085,-0.010340247609076179,5.662807900054261e-05,0.052910156345455484,2.923293141926968,1.3593460715300596,19.4
2021-05,96,-0.007031376375139564,0.014326074811088491,0.007294698435948927,4.844445097120855e-05,0.006565982424354022,3.111098057582895,1.5080881423132781,18.61
2021-06,96,0.002774776850366359,-0.00295175758633861,-0.00017698073597225122,6.481847828946279e-05,0.022427528509005645,2.7722825658058197,1.4921857152797733,16.76
2021-07,96,0.005731861907997329,-0.005888219465834693,-0.00015635755783736417,8.111453516404024e-05,0.024412471466121355,2.6625578031517145,1.5173212101059907,15.83
2021-08,96,0.0027675277300747967,-0.008350162925377339,-0.005582635195302542,7.279136569124377e-05,0.02975982420063894,2.944845745008296,1.456455149741694,18.24
2021-09,96,-0.022974112611190537,0.018268286277590463,-0.004705826333600074,6.48464288106168e-05,-0.04660538664938707,2.7303567840748184,1.494588349769908,16.48
2021-10,96,0.03496307480374207,-0.04170592313236885,-0.006742848328626781,6.419900606931383e-05,0.07016344038764677,3.7014908960292576,1.4430212600106962,23.14
2021-11,96,-0.00196040535258542,0.01802441352388477,0.016064008171299347,6.482453235037141e-05,-0.008034686602523156,2.7632014744428828,1.5330326674880543,16.26
2021-12,96,0.017012987775960515,-0.014257300615098849,0.0027556871608616657,6.337355429129471e-05,0.046247662445926485,4.939668563057941,1.6388831915393032,27.190000000000005
2022-01,99,-0.021015213708144066,0.019685103838181804,-0.0013301098699622614,6.425129869785962e-05,-0.0527412005467125,3.623051953210564,1.8405043646166532,17.22
2022-02,99,-0.029394906784259486,0.028384502224277245,-0.0010104045599822406,6.371884276619089e-05,-0.0295168872429048,4.4217358507136675,1.5577993285828207,24.83
2022-03,99,-0.00836316920117967,-0.0027483116370647133,-0.011111480838244384,0.00015811622025298347,0.03759029359280586,5.130267848209914,1.4884976748474177,30.15
2022-04,99,-0.02772140763771228,0.023503236638386635,-0.004218170999325643,0.0002653064190357205,-0.08776918355396368,3.524938532465284,1.4997672817148011,20.56
2022-05,99,-0.019829546594842762,0.03594636107631993,0.01611681448147717,0.0006090823974449446,0.002257542349220598,5.078067930657982,1.3299872467467755,33.4
2022-06,99,-0.0373534254645962,0.029939191029151074,-0.007414234435445123,0.0009667313382151616,-0.08246046431950171,4.125817697669918,1.3780658581097625,26.19
2022-07,99,0.05221553013451459,-0.05834652521157259,-0.006130995077057999,0.0013413825703460602,0.09208733650896184,4.186959260995698,1.2757364957948676,28.71
2022-08,99,-0.023698297317957896,0.02438346485879314,0.0006851675408352451,0.001883308884146917,-0.04080208252313666,3.0055510310600835,1.2326185176985724,21.33
2022-09,99,-0.031416137165590365,0.029573381898592523,-0.001842755266997842,0.002056759424241491,-0.09244581059049828,3.589401988680116,1.213727263587309,25.869999999999997
2022-10,99,0.06132131861552741,-0.04431600885827113,0.01700530975725628,0.0024593063312093252,0.08127527633493692,4.182870212623706,1.1571987633658998,31.620000000000005
2022-11,99,0.046146801126792834,-0.025451049371925966,0.02069575175486687,0.0030382008978255787,0.05559178061196812,3.549177846807025,1.199662068085741,25.88
2022-12,99,-0.02281819604166307,0.023526099709046545,0.0007079036673834742,0.0033199220394477965,-0.05762825712912778,2.831550064942536,1.2035781961145533,20.58
2023-01,98,0.04083560605525666,-0.037107776244972746,0.0037278298102839114,0.003508587147541486,0.06288743846767098,2.7643284746008376,1.1272890591756741,21.67
2023-02,98,-0.015988704683179932,0.021953166635666328,0.005964461952486396,0.0037146695182557706,-0.025142446523391815,2.459443721949141,1.1203138767021394,19.4
2023-03,98,0.020590071713475,-0.012911500873136212,0.007678570840338787,0.0037720056100964297,0.037077302035405824,2.6579197394469953,1.1346869839205433,20.7
2023-04,98,0.007777105726640682,0.005505451766299379,0.01328255749294006,0.0039319565888074745,0.01597509214289672,2.3116375451559246,1.0924025092474778,18.7
2023-05,98,0.0070600481785951345,0.013332702988777386,0.02039275116737252,0.004129230341060986,0.004616375527484395,2.073588749541831,1.1612351815167956,15.78
2023-06,98,0.0334851209502893,-0.04320267534596841,-0.00971755439567911,0.004133530945765257,0.06479969025645071,2.3575367142065273,1.1612897213258175,17.94
2023-07,98,0.024298715069135324,-0.016699862116018132,0.0075988529531171925,0.004185000909892174,0.03273305594516396,1.914041174402176,1.244618853089521,13.59
2023-08,98,-0.006812657432219446,0.015423796971347013,0.008611139539127568,0.004350747616557635,-0.01625192610748194,2.0469579761883363,1.3271427132962115,13.63
2023-09,98,-0.014812070717679206,0.015355900579690315,0.0005438298620111092,0.004352649362808553,-0.0474343552719807,2.0041419255110022,1.3051282242356248,13.570000000000002
2023-10,98,-0.01155627121905038,0.019825746363756398,0.008269475144706018,0.004320540836882256,-0.02170849356696447,2.7270355673788647,1.3755020957819675,17.52
2023-11,98,0.05852370254704406,-0.06898947951155189,-0.01046577696450783,0.004321818025967724,0.09134369583921176,2.698280841251991,1.3144813328696705,18.14
2023-12,98,0.03895832460512446,-0.030121789066754428,0.008836535538370032,0.004360241619693164,0.045655250411731796,1.8332093127242608,1.2538745776785092,12.920000000000002
2024-01,98,0.01865343147928815,-0.001519583408986948,0.017133848070301202,0.004350055304402382,0.015926617018114486,2.0625447414097877,1.4639915929045832,12.45
2024-02,98,0.02852170559540125,-0.03490444560204998,-0.006382740006648728,0.004334587159080646,0.05218673395232387,2.4107956679779368,1.4846123101773225,14.35
2024-03,98,0.014918258596236918,-0.01688437285115486,-0.0019661142549179424,0.004339270360509761,0.032701939103215505,2.305357737116081,1.5203307684690326,13.4
2024-04,98,-0.014160791589192243,0.01472220092422778,0.0005614093350355381,0.00434055596462182,-0.04031954733680698,2.2764135544805932,1.5462454059667015,13.01
2024-05,98,0.021176455078991054,-0.03185839909775144,-0.010681944018760388,0.004333064469613803,0.05057963393354492,2.4450776071939297,1.3806476638549992,15.65
2024-06,98,0.017771914064763018,-0.019954201092176937,-0.00218228702741392,0.004350938025694744,0.035280160641754765,2.0426710913003268,1.3971417961728103,12.920000000000002
2024-07,98,0.021193044659215253,0.0022103921974125657,0.023403436856627817,0.004352714431340751,0.012108972455180167,2.0026769679380525,1.4226402075335876,12.44
2024-08,98,0.01503966752010094,-0.0043851483973183,0.01065451912278264,0.0043247702072866994,0.02336554202963792,2.631815220562107,1.4215974995467606,16.36
2024-09,98,0.007506116524496073,-0.0036103869107858037,0.003895729613710269,0.004167976828229978,0.021004576352000814,2.5034660063163114,1.47487425781,15.0
2024-10,98,-0.01321487919723332,0.01893177720694318,0.005716898009709861,0.003899049619322691,-0.008923398815693484,3.129202004405185,1.6528833876502405,16.73
2024-11,98,0.01846128498923429,-0.03223283617564759,-0.013771551186413298,0.003701401474838967,0.05963351362768754,4.274099788647388,1.6308373846878583,23.16
2024-12,98,-0.01790278038540508,0.015288004188033616,-0.002614776197371464,0.0036242772740531478,-0.02406010339609721,2.921144445004981,1.9107428341048265,13.51
2025-01,98,0.019998999381231893,-0.006685836611139939,0.013313162770091955,0.0034802216363740176,0.02685633659714526,3.5504396385953467,1.808369653371059,17.35
2025-02,98,-0.000172036283186579,0.01859229524865968,0.018420258965473103,0.0034833898721027493,-0.012694826224656452,3.4626363389538337,1.8624039112134125,16.43
2025-03,98,-0.03472362323416758,0.022213436137017015,-0.012510187097150568,0.003458231985754795,-0.05571910513222289,4.159852588781657,1.8726740712795786,19.63
2025-04,98,-0.013647505202505033,0.025212193435187928,0.011564688232682896,0.003457916152503457,-0.008670223998505366,4.168605473345299,1.6534084922287233,22.28
2025-05,98,0.01565154736776151,-0.033637372261747914,-0.017985824893986403,0.0034368273181890814,0.06284495254464906,4.753053537485044,1.7005143803228704,24.7
2025-06,98,0.02136775742746488,-0.02934448113434859,-0.00797672370688371,0.003476147895780394,0.05138613709397677,3.663337761282383,1.7432899035713503,18.57
2025-07,98,-0.0038496547415575026,-0.003639083934453717,-0.007488738676011219,0.0034916616904549958,0.02303149096060908,3.2333942599077408,1.7079190318814348,16.73
2025-08,98,0.0060809524684656965,-0.001188563070149253,0.004892389398316444,0.0034930601417948455,0.020519412461037057,3.194638102683271,1.68845678694795,16.72
2025-09,98,0.019394669838463552,-0.017526602075219982,0.00186806776324357,0.0034132199430969325,0.035620488101362424,2.941612992504273,1.6923838618802245,15.36
2025-10,98,0.013482660192119477,-0.00493809282460496,0.008544567367514518,0.0032983197573195687,0.023837394994002947,3.2277821813329366,1.7520817874173098,16.28
2025-11,98,-0.004997521904375441,0.017824248340376502,0.012826726436001062,0.0031168540432604036,0.001949968878745878,3.602452270296801,1.825392706186783,17.44
2025-12,98,-0.00900563694605782,0.017720197013992824,0.008714560067935005,0.0029936373172274916,0.0007975201147529809,3.4310542829841566,1.8544468394356126,16.35
2026-01,99,0.02521434184544105,0.0024997398559575778,0.027714081701398628,0.0029319812105821053,0.014737783295277307,3.341278772018518,1.9550909075326581,14.95
2026-02,99,0.0011872254468842667,0.019936597615440803,0.02112382306232507,0.002910656702397233,-0.008641914713669485,4.044284536354964,2.028573086725031,17.44
