ym,n,disp,long,short,cash,spy,capin,ratio,vix,real_n
2007-01,83,0.010013410318092802,0.011418019184856323,-0.0014046088667635196,0.004296672089787341,0.015040638063138267,1.7903522334321877,1.6159696042382146,11.56,0
2007-02,83,0.0008227266071617109,-0.009163816469065084,0.009986543076226794,0.00430828268569637,-0.019618088447923343,1.7121820753679888,1.7144892504833622,10.42,0
2007-03,83,0.006310538788388875,0.0011508359680628315,0.005159702820326044,0.004307622590624498,0.011588972879728487,1.7272412785285667,1.1687487894541997,15.42,0
2007-04,83,0.00209282522241825,0.024827948072236844,-0.022735122849818594,0.0043005645655504595,0.044296530158762115,1.7013813588466173,1.212587627795163,14.64,0
2007-05,83,0.0023252801020194405,0.01684945742723081,-0.014524177325211371,0.0042994997167019955,0.033918850481308827,1.7257207610972416,1.2662616872116548,14.219999999999999,0
2007-06,83,0.00500119764858659,-0.007505941232868274,0.012507138881454863,0.004302078521165631,-0.01462022340073843,1.666776659071291,1.3326602309843443,13.05,0
2007-07,84,0.009024346946131061,-0.00671791643370095,0.015742263379832012,0.004305615807984013,-0.03131015777461721,1.7730233919997216,1.1262823834285522,16.23,0
2007-08,84,0.020239818278075347,0.008206241695410232,0.012033576582665116,0.004111163905683661,0.012832870254745332,1.7251656011873742,0.7562141826425938,23.52,0
2007-09,84,0.018791987772788087,0.02863433427548662,-0.009842346502698532,0.0040473539219251465,0.0387139777571861,1.683710398579441,0.7424620034348745,23.38,0
2007-10,84,0.032875875562897124,0.02681289196364153,0.006062983599255595,0.0038992075765578358,0.013566772072665101,1.7006493304747117,0.9740777269312817,18.0,0
2007-11,84,0.010313572495988124,-0.007659572323992602,0.017973144819980726,0.0036749415983715855,-0.038731930466605724,1.7832980390667676,0.992201452182301,18.53,0
2007-12,84,0.020164403421591304,-0.0020183176811048205,0.022182721102696125,0.003467310868208621,-0.011260476688119692,1.8685603337182697,0.8423494687904459,22.87,0
2008-01,84,0.014649548535252882,-0.007174291640114971,0.021823840175367853,0.0032210661352141275,-0.060461959791497155,1.896462886879355,0.8689867922602622,22.5,0
2008-02,84,0.024028846348350986,-0.0013838031002995793,0.025412649448650567,0.0024316928785644725,-0.025842575753694863,2.079481400088355,0.8182859501879985,26.200000000000003,0
2008-03,84,0.03103159412256122,0.005289162200149543,0.025742431922411678,0.002127810736100284,-0.00894192481715439,2.1696213287225654,0.8428190993228057,26.539999999999996,0
2008-04,84,0.01582584905160992,0.031021636015631602,-0.015195786964021683,0.0018575275751236643,0.04766210336410892,2.235390782965031,0.899902012529194,25.61,0
2008-05,84,0.013271657740971835,0.00580412758305474,0.007467530157917096,0.0016122916356049052,0.01511630733824143,2.2853554178845257,1.1333149227904904,20.79,0
2008-06,84,-0.002624547195508361,-0.019918728098922082,0.01729418090341372,0.001628557978213117,-0.08357556616623507,2.286521307212988,1.3221333348962763,17.83,0
2008-07,84,0.04268370975489823,0.01945344432378445,0.02323026543111378,0.001633583133683017,-0.008985377528498484,2.472648735342239,1.0644083007465177,23.95,0
2008-08,84,0.011328961924320518,0.0020595811557504702,0.009269380768570047,0.0016229608594995647,0.015453853244979499,2.622348430026124,1.1785508562590103,22.94,0
2008-09,84,0.008161919240476921,-0.011867516298249574,0.020029435538726496,0.0014684343755203286,-0.09417395049091415,2.645234772132925,1.3206736490493798,20.65,0
2008-10,84,0.010736064325796092,-0.027470205207881234,0.038206269533677326,0.0007860007228464974,-0.16518725833443826,2.7627971736291808,0.7231266510314187,39.39,0
2008-11,84,0.04112213010053398,-0.01696808270403406,0.05809021280456803,0.0003149381759940033,-0.0696065511374776,3.0959458479990003,0.5329548126144142,59.89,0
2008-12,84,0.05645464991210473,0.010521879786678673,0.045932770125426056,0.00012901778474783617,0.009796608866161627,3.2366614391228654,0.5975898463573436,55.84,0
2009-01,84,0.01993817072316623,-0.018859767366376626,0.038797938089542856,0.00012082373539462384,-0.08211454549608199,3.341011684300929,0.8611312479003687,40.0,0
2009-02,84,0.015083619527281787,-0.028408869071095744,0.04349248859837753,0.0001770471248881975,-0.1074485754439759,3.4288409700740963,0.7883754369029156,44.84,0
2009-03,84,0.039657335273010325,0.06468174599627992,-0.025024410723269594,0.00014467592416056392,0.08331133510062783,3.549383892957378,0.7895044483187948,46.35,0
2009-04,84,0.04882205808471243,0.08945832293059627,-0.04063626484588384,0.00012022571982620893,0.0993449875329695,3.819424139032854,0.8921069142096465,44.14,0
2009-05,86,0.0004550543144261846,0.01447900468006567,-0.014023950365639486,0.00014357024280513216,0.05845348868065603,4.286504796578562,1.1826129491178345,36.5,0
2009-06,86,0.009672088431804816,-0.019046699598333227,0.028718788030138043,0.00016736204087341647,-0.0006547938579155588,4.364548072333441,1.5197535730801734,28.92,0
2009-07,86,-0.004204948333243461,0.03378901862789694,-0.0379939669611404,0.00012759790276519175,0.07460539053645654,4.301572926106187,1.6439130798461319,26.35,0
2009-08,86,-0.008170400614283773,-0.002141930267072169,-0.006028470347211603,0.00012756750800925349,0.03693968719573393,4.324368993059893,1.6800411836633289,25.920000000000005,0
2009-09,86,-0.008408944723405747,-0.003743916258264473,-0.0046650284651412735,0.00011957756796990301,0.035458212706896974,4.3379456240775855,1.679484237138994,26.009999999999998,0
2009-10,86,0.0013725069837234177,-0.024059310493864245,0.025431817477587663,9.578914012437344e-05,-0.01922594837950542,4.21085987562655,1.6557447690624003,25.61,0
2009-11,86,0.005021539198239524,0.02752711674225221,-0.022505577544012684,9.61990476389049e-05,0.061607035736827465,3.800952361095101,1.2471759240123668,30.69,0
2009-12,86,0.0008764130152204789,-0.007035723494335641,0.00791213650955612,9.641770552948985e-05,0.01910155146363346,3.582294470510155,1.4718045863094884,24.51,0
2010-01,86,-0.000628939590997555,-0.022158100188971023,0.021529160597973468,8.846562431536873e-05,-0.036343145054362314,3.49204620141593,1.622007595477101,21.68,0
2010-02,86,-0.00432961102659581,-0.0019500091768443284,-0.002379601849751482,0.00010472094609237529,0.031195706149957037,3.334511299345889,1.3638805161429526,24.62,0
2010-03,86,-0.008494527850281517,0.024496880169588894,-0.03299140801987041,0.0001294925932677926,0.060878762847081935,2.8805550491555523,1.4875574535290639,19.5,0
2010-04,86,0.007864782451586137,0.0037013349857333263,0.004163447465852812,0.00016213199649281934,0.015469964486541254,2.720802104308383,1.557626387218701,17.59,0
2010-05,86,0.00048385992926005747,-0.021412726380025688,0.021896586309285745,0.00016280103463689913,-0.07945363731354038,2.319379217860518,1.0592423791999634,22.05,0
2010-06,86,0.013076806518540807,-0.018770065270066628,0.031846871788607435,0.00014640669604092598,-0.05174157832485071,2.3955359727160004,0.7522044829448381,32.07,0
2010-07,86,0.014327610045407224,0.03876667071116798,-0.024439060665760758,0.00014632481691115933,0.06830086899766674,2.450122059227111,0.7143278253939885,34.54,0
2010-08,86,0.009356843200946643,-0.013979654679698026,0.02333649788064467,0.00015455470776719216,-0.044981236688190984,2.3865003575628325,1.0226471725829092,23.5,0
2010-09,86,0.0030159820814187263,0.05416534824771622,-0.05114936616629749,0.00015455816976572446,0.08955595619489287,2.384313832174021,0.9216963572991691,26.05,0
2010-10,86,0.002776317473706682,0.012094715364245867,-0.009318397890539185,0.00015442138367832703,0.03820174914393615,2.47070504526714,1.0497955718083234,23.7,0
2010-11,86,0.01763955583775589,-0.003412944377974621,0.02105250021573051,0.000154471567593921,0.0,2.439009940681469,1.1585369508078813,21.2,0
2010-12,86,-0.0032507389326054507,0.030865293210845027,-0.03411603214345048,0.0001464480935060429,0.06685145549141325,2.3679376626380657,1.012968608811578,23.54,0
2011-01,86,0.0008810658333144364,0.0032930104370578477,-0.0024119446037434112,0.00013822784516927326,0.02330052130477056,2.4274034099247537,1.3771326683444536,17.75,0
2011-02,86,-0.002765252351503906,0.007714426552112357,-0.010479678903616263,0.00013018028316316902,0.03473697465828662,2.364787627623249,1.21933230931356,19.53,0
2011-03,86,0.01282008760358389,-0.0052992831450097855,0.018119370748593676,0.00011390452061212857,0.00011971912508057514,2.36755376103266,1.2992596805523577,18.35,0
2011-04,86,0.008602529234539854,0.01589296213380253,-0.007290432899262677,8.13956480271996e-05,0.0289616351081301,2.3252223673604764,1.3199061636965241,17.74,0
2011-05,86,0.00797172265537896,-0.006675653673961843,0.014647376329340803,7.327018003190741e-05,-0.011213398776073413,2.30642662412344,1.5746346460036913,14.75,0
2011-06,87,0.001462086231665818,-0.01405882105495889,0.015520907286624709,7.338022686373504e-05,-0.016870342424195273,2.1596975150199462,1.3914763326246309,15.45,0
2011-07,87,0.007452932106803601,-0.009142885910998351,0.016595818017801953,5.713926120896761e-05,-0.02000431221206589,2.046980784626965,1.2334316888936814,16.52,0
2011-08,87,0.011969801102102513,-0.013396082974743696,0.025365884076846208,8.163875625619e-05,-0.05497569778050493,2.0334924925719986,0.8016643482291065,25.25,0
2011-09,87,0.014498483310404903,-0.017266635680085282,0.031765118990490185,6.528983511459574e-05,-0.06942137992680353,2.06524732810639,0.6501619996212455,31.620000000000005,0
2011-10,87,0.022902197800522772,0.07470362855691497,-0.051801430756392194,5.711171007215367e-05,0.10914780956140735,2.094211304879426,0.48525230391225765,42.96,0
2011-11,87,0.02832510125766124,-0.0017723992153016303,0.030097500472962873,6.510848619142318e-05,-0.004063168982097021,2.3372707128652275,0.7765663846287967,29.960000000000004,0
2011-12,87,0.02312132179467228,0.004283651046171129,0.01883767074850115,5.698593790221961e-05,0.010448179853723483,2.309820739052105,0.8270749351721117,27.800000000000004,0
2012-01,88,0.02695327753494939,0.04398467669425867,-0.01703139915930928,6.514697804571609e-05,0.046373855279107756,2.279532931425866,0.9586895043599508,23.4,0
2012-02,88,-0.005702468608795572,0.012740947371907084,-0.018443415980702656,8.130909745528648e-05,0.04340580571689112,2.4290830536562256,1.2296855314537563,19.44,0
2012-03,88,0.00363291448997146,0.013209157299370515,-0.009576242809399055,0.00010567363767569769,0.03216322502391944,2.4551036839713567,1.3109691210254755,18.43,0
2012-04,88,0.005115287901129551,-0.010634827442363439,0.01575011534349299,0.000113786351004145,-0.006675790338032006,2.468841996447143,1.5675072484260388,15.5,0
2012-05,88,-0.0033507620888712196,-0.020777502614090882,0.017426740525219662,0.00013009655236400234,-0.06005512830051074,2.4275857269982595,1.3930233961337186,17.15,0
2012-06,88,0.002044697806706408,0.013308142049232308,-0.0112634442425259,0.0001299539115754937,0.040581463410820584,2.534566318379738,1.0367069160872682,24.06,0
2012-07,88,0.005653132101838782,-0.001293324018674934,0.006946456120513716,0.00012990722910437698,0.011828585058570207,2.569578171717283,1.480546075764544,17.08,0
2012-08,88,0.004408727395268624,0.007219939782993063,-0.002811212387724439,0.00010558191623147614,0.025053040723024278,2.5397696324835533,1.320357910418182,18.93,0
2012-09,88,-0.0004683467245461268,0.0040883356560558765,-0.004556682380602003,0.00011377239794803072,0.025350666565260527,2.4808017588308173,1.3974848733547147,17.47,0
2012-10,88,0.014353169698214029,-0.0016306570342469234,0.015983826732460953,0.00013030213308965963,-0.018198322776734388,2.2734001827552808,1.422312829591876,15.73,0
2012-11,88,0.014289631948315902,0.0003702015042281437,0.013919430444087758,0.00013057551000048923,0.00565989541829981,2.068367499633081,1.0943663239518258,18.6,0
2012-12,88,0.013966485139813162,0.005702664773218491,0.008263820366594671,0.0001306358716670456,0.008934392582039319,2.023096249715794,1.2545488532930231,15.869999999999997,0
2013-01,88,0.013638666499414382,0.04037544778630528,-0.026736781286890898,0.00011432725600339207,0.05119040970942468,2.005209139949661,1.0950976535523358,18.02,0
2013-02,88,0.003461223179564294,0.0001788751610652739,0.00328234801849902,0.00012256175536256106,0.012759182757943188,1.9505957099511528,1.344271579235613,14.279999999999998,0
2013-03,88,0.0025267440787722986,0.02018094270904501,-0.017654198630272712,0.00011445859955414686,0.03797099470284482,1.8926289535884138,1.2008856117354827,15.509999999999998,0
2013-04,88,0.00871264376368542,0.01271485029837645,-0.0040022065346910305,0.00012263172523730473,0.019212658808656302,1.8946198101562128,1.4681360827742758,12.7,0
2013-05,88,0.012216472658765633,0.01925419124602012,-0.007037718587254488,8.993240601701979e-05,0.023608958764403942,1.8919207087056835,1.3771276523710505,13.52,0
2013-06,88,0.009415920420328239,-0.0071471041021837454,0.016563024522511984,7.370945594957571e-05,-0.013344108063055304,1.7207254005657049,1.038895642656898,16.3,0
2013-07,89,0.011063968456865407,0.039729818624143216,-0.02866585016727781,7.366757902968735e-05,0.051677071489745874,1.7765612937501882,1.025329022730358,16.86,0
2013-08,89,0.00519076279609835,-0.008631579998570478,0.013822342794668829,6.548772141753497e-05,-0.02999261966370581,1.7684178736975638,1.2793908384182378,13.449999999999998,0
2013-09,89,0.006579846345876857,0.017264307691602625,-0.010684461345725768,6.544219062884382e-05,0.031646468905837555,1.8367140567342641,1.050697892594472,17.01,0
2013-10,89,0.0021344932097922716,0.026288298530910855,-0.024153805321118584,7.362207353886211e-05,0.046307136039476005,1.8372352815171689,1.076954397267445,16.6,0
2013-11,89,0.004228470239971591,0.01647495789857616,-0.012246487658604569,6.545433618522926e-05,0.029637230895528832,1.8184957221561142,1.2869160302843905,13.750000000000002,0
2013-12,89,0.0015270486298247093,0.01052211732406104,-0.00899506869423633,7.364402790380051e-05,0.025926216133364655,1.8079627949326402,1.2841316407026837,13.699999999999998,0
2014-01,89,0.007964818127196302,-0.006134999206845064,0.014099817334041366,5.728537713495059e-05,-0.035248134485849736,1.7964963400847083,1.2741273858544282,13.720000000000002,0
2014-02,89,0.002302548546696599,0.023891942185490563,-0.021589393638793964,5.7280661559494225e-05,0.04551578257312827,1.8045801837241946,0.9538125238915965,18.41,0
2014-03,90,0.008177202427206856,0.0010937572289502903,0.0070834451982565655,6.543430580553181e-05,0.008295312872580007,1.84854129170229,1.270542633776733,14.000000000000002,0
2014-04,90,0.007228059424076295,-0.0009398969539160528,0.008167956377992348,7.359792749887618e-05,0.006951736386045848,1.8694300014984118,1.296008542983034,13.88,0
2014-05,90,0.0035327469074393804,0.01048237065726125,-0.00694962374982187,7.360101901000574e-05,0.023206338386134506,1.865307986659009,1.3384738605756124,13.41,0
2014-06,90,-0.00036423644179757204,0.006368977755486259,-0.006733214197283831,8.185231775067518e-05,0.020644935245616614,1.7772186991897796,1.5001135882837071,11.4,0
2014-07,90,0.00606598894350146,-0.005957907762641687,0.012023896706143147,7.368987696658472e-05,-0.013437495693311208,1.7468307112203647,1.4527991664531592,11.57,0
2014-08,90,0.0024826918872865623,0.020384779716102003,-0.01790208782881544,7.372403087048457e-05,0.039463382824212134,1.7012921726872434,0.9658225111811046,16.95,0
2014-09,90,0.0057709833752678606,-0.00667899782953723,0.01244998120480509,7.377100940336468e-05,-0.013795513159614692,1.638654128847091,1.3161900422907067,11.98,0
2014-10,90,0.014676177188954427,0.01892145703772453,-0.004245279848770105,7.375977042066883e-05,0.023550143390710154,1.6536394391082208,0.9756071687223716,16.31,0
2014-11,90,0.011539586101466891,0.021684400271407188,-0.010144814169940296,7.375339772348109e-05,0.027472464297839005,1.662136368691873,1.1399796625019245,14.029999999999998,0
2014-12,90,0.009432918490738445,-0.004420023868197435,0.013852942358935881,9.829792819286337e-05,-0.002536679370677364,1.7020718071366168,1.228671687959988,13.33,0
2015-01,90,0.018091309323961628,-0.0018619159792318384,0.01995322530319347,9.010321249976688e-05,-0.02962950716292445,1.7055863638906896,0.8547923145125388,19.2,0
2015-02,90,0.011017908951693925,0.03980952147974409,-0.028791612528050167,9.009238628143669e-05,0.056204750876535314,1.7173967838872477,0.7880619102548878,20.97,0
2015-03,90,0.0029790605027620425,-0.01088427416101925,0.013863334663781292,9.003098184198531e-05,-0.015705430849381474,1.7843834451069254,1.2871242658295794,13.34,0
2015-04,90,0.016842302556109766,0.009802822089364083,0.007039480466745681,9.82263976480878e-05,0.009833726268767995,1.773602351912193,1.1161868272420519,15.289999999999997,0
2015-05,90,0.007105144262591633,0.003554442068272379,0.003550702194319254,9.817923316792146e-05,0.012855668173063384,1.82076683207852,1.2041468735762608,14.550000000000002,0
2015-06,90,0.005368279132989215,-0.009014670773062741,0.014382949906051956,0.00010637377733542371,-0.02031200196396088,1.8088209211473416,1.2576146986274623,13.84,0
2015-07,90,0.017005772792264676,0.018391104553831476,-0.0013853317615667993,0.00010636914827916083,0.022589448327505757,1.8130938961592296,0.957021620966903,18.23,0
2015-08,90,-0.005660044589984814,-0.018255518062625688,0.012595473472640874,0.00011450245629902262,-0.060949912233451586,1.8550374579806252,1.4727810447221579,12.12,0
2015-09,90,0.018320114890102848,-0.011225207785407063,0.02954532267550991,0.00011436793011904308,-0.025516373837869866,1.9703456122488001,0.6668891837427849,28.43,0
2015-10,90,0.009777921898583654,0.060870504827772544,-0.05109258292918889,9.80184927671941e-05,0.08505969977827932,1.9815072328058851,0.7782474382732436,24.5,0
2015-11,90,0.005649579019961644,-0.006721826345738167,0.012371405365699811,9.787095675565198e-05,0.0036553311514866405,2.1290432443480047,1.3594378348160525,15.07,0
2015-12,90,0.006374671849970469,-0.010388115865681129,0.016762787715651598,0.00019590022257580156,-0.017282678287804276,2.049888712099212,1.2228805535640166,16.13,0
2016-01,91,0.007727365137513889,-0.011407292954022524,0.019134658091536413,0.00027749270594844467,-0.04978637900010785,2.06139790054895,1.0773110711921954,18.21,0
2016-02,91,0.01293268538860212,-0.008293019907885281,0.0212257052964874,0.0003099494291903255,-0.0008255955490271694,2.12123288726562,0.9993698007371556,20.2,0
2016-03,91,0.003602339161183965,0.04322070706403352,-0.039618367902849554,0.0002938737306406107,0.06726576408880303,2.0420897864630865,0.9456975117701518,20.55,0
2016-04,91,0.01526943878718974,0.004197086047331221,0.011072352739858519,0.0003016851768780169,0.003940651917139437,2.156158850372898,1.4709428012269723,13.95,0
2016-05,91,0.0009265757029786651,-8.971269619643039e-05,0.0010162883991750955,0.0003017262026766654,0.017011998013900298,2.14285318594636,1.298918804234596,15.7,0
2016-06,91,0.014290772450245768,0.0025435514834869994,0.011747220966758768,0.00030987992290442665,0.0034761666101963407,2.1431822407073726,1.4373612940487732,14.19,0
2016-07,91,0.0066102721211374026,0.02337528890609475,-0.016765016784957346,0.00031797327129802965,0.0364710647829527,2.1620703698370445,1.3164370188693884,15.629999999999999,0
2016-08,91,0.006997734871094795,-0.004385386827930815,0.01138312169902561,0.00032598230919429186,0.0011973704465775281,2.2053072417124393,1.7681032564066417,11.87,0
2016-09,92,0.005453302110244862,-0.00874929974857845,0.014202601858823312,0.00032616067767292747,5.847050893725836e-05,2.15179669812175,1.5093554431679763,13.419999999999998,0
2016-10,92,0.00699450139045921,-0.007123791152196222,0.014118292542655432,0.0003262424619522857,-0.017337657732570566,2.1272614143142925,1.5067412775923312,13.29,0
2016-11,92,0.016364531362821986,0.03213268050610785,-0.01576814914328586,0.0003348923027886283,0.036838483731799876,1.9827406472307236,1.0940311494073391,17.06,0
2016-12,92,-0.0012317775868386687,0.003257376982137126,-0.004489154568975795,0.000440276217803487,0.02027167401243868,2.1608404881139975,1.5259326431330833,13.33,0
2017-01,93,0.009636175835448258,0.011201008480383133,-0.0015648326449348756,0.0005299549241873911,0.017894611306086494,2.1621678423278157,1.4340687733217496,14.04,0
2017-02,93,-0.0013959987366687146,0.022269794381079403,-0.023665793117748118,0.0005388533189123638,0.03929194882908993,2.026669288661132,1.5740241321623556,11.99,0
2017-03,93,0.006792836295751056,-0.005919167046173063,0.012712003341924119,0.0006449671261765515,0.0012499101580920602,2.0303099478656104,1.4633476417389708,12.920000000000002,0
2017-04,93,0.006601334943980982,0.00254856786669016,0.004052767077290823,0.0007354103409603236,0.009925831598148305,1.945287871956874,1.4644072241969588,12.37,0
2017-05,93,0.010132345698878642,0.011638086184460916,-0.001505740485582275,0.0007437982769058434,0.014112935616212186,1.916710737690995,1.6495937337733917,10.82,0
2017-06,93,0.008847869971779377,0.0035978318378641805,0.005250038133915197,0.0008499720255806964,0.006375230309995539,1.926304740688873,1.7231454875553485,10.41,0
2017-07,93,0.005423474277169159,0.01253271619863651,-0.00710924192146735,0.0009401010633261817,0.02055389817119546,1.90249773987668,1.5846378646350854,11.18,0
2017-08,93,0.007775118610650722,-0.0005290007120188956,0.008304119322669617,0.0009488938081367911,0.002918066961760779,1.8385715720560751,1.6687099793293223,10.26,0
2017-09,93,0.008657285012715878,0.016023484184296773,-0.007366199171580895,0.0009407851869209549,0.020148922971953365,1.8311109299873087,1.6101501543516992,10.59,0
2017-10,93,0.00987208003718427,0.021574345066785346,-0.011702265029601077,0.0009405138854372309,0.023564282796977087,1.8594206500280641,1.8207269306170952,9.51,0
2017-11,93,0.001105173801103733,0.018599668494501537,-0.017494494693397804,0.0009487162330963335,0.030566136097257557,1.8569414038275607,1.6986273201235877,10.18,0
2017-12,93,0.00373833924362627,0.0029044405913120942,0.0008338986523141759,0.0010650437272258608,0.012128356855375833,1.6882713329974652,1.393737000359207,11.28,0
2018-01,96,0.006104848322056301,0.04797090984900832,-0.04186606152695202,0.0011539502946746258,0.05635837470094862,1.7914642830105714,1.463856411401372,11.04,0
2018-02,96,0.006200598124251378,-0.008808661353817485,0.015009259478068863,0.0011614358891879851,-0.03636030738681917,1.8504882376350629,1.2328977591059356,13.54,0
2018-03,96,0.00940340275799177,-0.012600570701363249,0.02200397345935502,0.0012338176508208461,-0.027410348986241284,1.9482661599327642,0.8854156107448203,19.85,0
2018-04,96,0.019379712240852883,0.0022043028182127085,0.017175409422640175,0.0013799879353397985,0.005168318269516803,2.0126909817894485,0.9091979219858461,19.97,0
2018-05,96,0.006888557049929004,0.012566298741816861,-0.005677741691887858,0.0013872169660237071,0.02430869383876466,2.0788023983265616,1.1772178321816933,15.93,0
2018-06,96,0.012750893463407407,0.00116748308194499,0.011583410381462418,0.0014852177150929155,0.00575097682650183,2.0735572466209637,1.2122983175193542,15.43,0
2018-07,96,0.004672166435365638,0.022400496438532334,-0.017728330003166697,0.0015587523132646653,0.037046142082487465,2.067917491225214,1.1594087168085891,16.09,0
2018-08,96,-0.001898680380264018,0.01452290562264534,-0.01642158600290936,0.00155817741341802,0.03192062666043638,2.1040368533181053,1.4794016022604506,12.83,0
2018-09,96,0.011002831115562219,0.0024549977039156757,0.008547833411646543,0.0015905745009401726,0.005945455786425358,2.1184922498355334,1.4860906769035298,12.86,0
2018-10,96,0.002828412726675623,-0.010606758977474642,0.013435171704150265,0.001786784862907218,-0.06910425210112048,2.0939801146729873,1.558580836020231,12.12,0
2018-11,96,0.027715594781445085,0.02198897313821856,0.005726621643226527,0.001791932748218866,0.018549061551430546,2.2582137335164125,0.9595651104962101,21.23,0
2018-12,96,-0.0021631458658569677,-0.022193967045229517,0.02003082117937255,0.0018478659953709484,-0.08804875854623961,2.3154539892009716,1.155945614244409,18.07,0
2019-01,97,0.007534076923531946,0.05672627395752755,-0.049192197033995605,0.001949224515139022,0.08006609287528677,2.538774243048898,0.8916767335379863,25.420000000000005,0
2019-02,97,0.004090832708283887,0.016974443189275573,-0.012883610480991686,0.0019476757745968578,0.03241546058176037,2.616211270157111,1.409643201676867,16.57,0
2019-03,97,0.0010821465161731084,0.0020851403414745644,-0.001002993825301456,0.0019563430728893726,0.018100488210133436,2.5887266611100817,1.5637620160814978,14.78,0
2019-04,97,-0.0028830231729044184,0.021387700413001417,-0.024270723585905835,0.0019647087042479216,0.04085230890273195,2.5764278885328196,1.6777970797808235,13.71,0
2019-05,97,-0.007401554421851437,-0.022096735353481143,0.014695180931629706,0.0019391907425241003,-0.06377073590550375,2.6347744339363985,1.7929513397588364,13.119999999999997,0
2019-06,97,-0.0011167376426044762,0.04542549970310632,-0.046542237345710794,0.0019291969682294337,0.06958613505834466,2.729564627087364,1.3025022774794093,18.71,0
2019-07,97,-0.00036255606352765014,-0.0025871663527669364,0.0022246102892392863,0.0019437338724261923,0.015119471449440258,2.8133063786903807,1.6656148599733889,15.079999999999998,0
2019-08,97,0.01437060431428879,-0.003684755184024538,0.018055359498313328,0.001725352548958128,-0.016743230399721587,2.797039495316736,1.5491463881281489,16.12,0
2019-09,97,-0.0012579501696909482,-0.003642652865498932,0.002384702695807984,0.0016522895494439703,0.019457759831007282,2.806497091531168,1.3201621766336418,18.98,0
2019-10,97,0.004272023876721834,0.007523517202827436,-0.003251493326105602,0.0014819724744362754,0.022104391718645644,2.8214770861458787,1.551134295362111,16.24,0
2019-11,97,-0.006710970781400535,0.01359465425997538,-0.020305625041375914,0.0012569293629157016,0.036198775180647846,2.689339645236004,1.8162394155832378,13.22,0
2019-12,97,-0.008183399274507484,0.005864786767934589,-0.014048186042442071,0.0012575080935195047,0.02905498681748231,2.644534695264161,1.870892403881993,12.619999999999997,0
2020-01,96,0.018739740802642915,0.0034644383205314766,0.01527530248211144,0.001262428653132154,-0.00040354711421108913,2.263588144607445,1.4818614212440517,13.780000000000001,0
2020-02,96,0.007629207654167462,-0.013255168163175034,0.020884375817342496,0.001288104471434829,-0.07916579355684272,2.1692806505193105,1.0387098324087465,18.84,0
2020-03,96,0.025798231475636837,-0.018664205574979272,0.04446243705061611,0.0005286861046409945,-0.12487146305300578,2.3964114508933236,0.5389743814908853,40.11,0
2020-04,96,0.02404026754637055,0.08659501074186758,-0.06255474319549703,4.050090177653308e-05,0.12698385765346787,2.7978357363206072,0.4714148345609175,53.54,0
2020-05,96,0.017341808484754213,0.02522565135938761,-0.007883842874633399,4.039398936483629e-05,0.047645359713394564,3.054425524392906,0.8068600836053752,34.15,0
2020-06,96,0.006544133459381516,-0.006926295723071135,0.013470429182452651,6.466889061806046e-05,0.017734114745758367,2.996664072909321,0.9826681258889248,27.51,0
2020-07,96,-0.0025116000870562226,0.020292977908406954,-0.022804577995463177,7.280124634673917e-05,0.05889230612815477,2.9316715376811047,0.8691060176304992,30.43,0
2020-08,96,-0.004123430765379833,0.035766993815132764,-0.0398904245805126,8.084194622188888e-05,0.06979650077345712,2.9896645337333396,1.102618831343022,24.46,0
2020-09,96,0.006406525307712317,-0.022869290262139873,0.02927581556985219,7.259761711809133e-05,-0.03744332906600323,3.2031771758782273,1.094137640072037,26.41,12
2020-10,96,0.009250875793762315,-0.01998059927541611,0.029231475069178427,7.261573435488209e-05,-0.02493391286048441,3.1790208601572054,1.0875335071643906,26.369999999999997,12
2020-11,96,0.026040106710980976,0.08832041669747738,-0.062280309986496404,7.256447432351022e-05,0.10877703737177957,3.2473675686530354,0.7705108084229888,38.02,11
2020-12,96,-0.0043371276164490095,0.008427430868982781,-0.01276455848543179,7.247128044705507e-05,0.03704860516345265,3.3716260705932233,1.4786470128401177,20.57,11
2021-01,96,0.007615574263889351,-0.0176030854943135,0.025218659758202852,7.234567988295382e-05,-0.010190489088611088,3.5390934893948947,1.4033630348828259,22.75,13
2021-02,96,0.02550156758681456,0.015514138160916261,0.0099874294258983,6.431553283824923e-05,0.02780546849632537,3.5267007426261605,0.9614600441534767,33.09,13
2021-03,96,0.007990906371005146,0.020591543850276027,-0.012600637479270881,5.636098410312902e-05,0.04539954408860725,3.3811701089216966,1.091301136271164,27.949999999999996,13
2021-04,96,-0.011649076795778757,0.017639530469083328,-0.029288607264862085,5.655173063131829e-05,0.052910156345455484,3.054176060597226,1.4202072895766102,19.4,13
2021-05,96,0.00949267154484271,-0.0048334032662457815,0.014326074811088491,4.855434962665324e-05,0.006565982424354022,2.891300746693516,1.4015425715439176,18.61,13
2021-06,96,-0.0009003959646948986,0.0020513616216437116,-0.00295175758633861,6.477025060754794e-05,0.022427528509005645,2.844624088678084,1.5311236606331904,16.76,12
2021-07,96,-0.0021491055167398585,0.0037391139490948345,-0.005888219465834693,8.09484728341317e-05,0.024412471466121355,2.8618325990419637,1.6308826411802395,15.83,13
2021-08,96,-0.0035307961074179904,0.004819366817959348,-0.008350162925377339,7.294525362283511e-05,0.02975982420063894,2.739661836219841,1.3549757560907258,18.24,13
2021-09,96,-0.0038239518061622298,-0.022092238083752692,0.018268286277590463,6.490522044577931e-05,-0.04660538664938707,2.6421693313310337,1.4463148273366826,16.48,13
2021-10,96,0.0030164691679033864,0.04472239230027224,-0.04170592313236885,6.484962723574917e-05,0.07016344038764677,2.72555914637624,1.0625555766884782,23.14,12
2021-11,96,0.01634784890307453,-0.0016765646208102376,0.01802441352388477,6.48434550658231e-05,-0.008034686602523156,2.7348174012653645,1.517285096483924,16.26,13
2021-12,96,0.026489125094969097,0.040746425710067945,-0.014257300615098849,6.495578348690187e-05,0.046247662445926485,2.5663247696471974,0.8514552090519342,27.190000000000005,13
2022-01,99,0.0056835175917236466,-0.014001586246458158,0.019685103838181804,6.471887386197201e-05,-0.0527412005467125,2.921689207041973,1.4842132564091328,17.22,12
2022-02,99,0.013601579440409671,-0.014782922783867574,0.028384502224277245,6.469297503288369e-05,-0.0295168872429048,2.9605374506744773,1.0430119321036857,24.83,12
2022-03,99,0.01210038256430736,0.014848694201372073,-0.0027483116370647133,0.00016198486415340877,0.03759029359280586,2.8090815079547395,0.8150278731560726,30.15,0
2022-04,99,0.0021317051280424215,-0.021371531510344214,0.023503236638386635,0.0002670526349707467,-0.08776918355396368,2.8899509197284776,1.229596997295457,20.56,12
2022-05,99,0.034990749314575305,-0.0009556117617446281,0.03594636107631993,0.0006211931722961826,0.002257542349220598,3.190674447348169,0.8356635597318663,33.4,12
2022-06,99,0.0020060748607094794,-0.027933116168441595,0.029939191029151074,0.0009762301500887841,-0.08246046431950171,3.1837867680544587,1.0634177673519907,26.19,12
2022-07,99,0.003303667528675537,0.061650192740248126,-0.05834652521157259,0.001354591097994087,0.09208733650896184,3.2434930004223443,0.9882690842112383,28.71,12
2022-08,99,-0.0028444446347811805,-0.027227909493574322,0.02438346485879314,0.0018764555538392617,-0.04080208252313666,3.3585122486217256,1.3773728500322553,21.33,12
2022-09,99,9.497436890181302e-05,-0.02947840752969071,0.029573381898592523,0.0020608932474647434,-0.09244581059049828,3.39562902509015,1.1482045025265635,25.869999999999997,12
2022-10,99,0.02368327754038623,0.06799928639865736,-0.04431600885827113,0.0024764464485193586,0.08127527633493692,3.5150734343107115,0.9724515522974487,31.620000000000005,12
2022-11,99,0.019947406316490897,0.04539845568841686,-0.025451049371925966,0.0030358436096946943,0.05559178061196812,3.624012390644623,1.2249569863737133,25.88,12
2022-12,99,-0.007593283788306888,-0.031119383497353433,0.023526099709046545,0.0032915596489741876,-0.05762825712912778,3.661668810511572,1.5564283310010547,20.58,12
2023-01,98,-0.0023768380266113998,0.034730938218361346,-0.037107776244972746,0.003486559471096689,0.06288743846767098,3.374795258290368,1.3762365097288292,21.67,13
2023-02,98,-0.003476021670922494,-0.025429188306588822,0.021953166635666328,0.003678717009789955,-0.025142446523391815,3.40349208429003,1.5503422083812404,19.4,12
2023-03,98,-0.0001966397144195966,0.012714861158716615,-0.012911500873136212,0.0037414891691967406,0.037077302035405824,3.4454407949228343,1.4708859586110739,20.7,13
2023-04,98,0.003282501571539788,-0.002222950194759591,0.005505451766299379,0.003891706363723838,0.01597509214289672,3.311643137295952,1.5649716714867903,18.7,13
2023-05,98,0.009067464100024264,-0.0042652388887531225,0.013332702988777386,0.004081475380593667,0.004616375527484395,3.2061174562766572,1.7954651746283916,15.78,13
2023-06,98,-0.018964223971071115,0.024238451374897295,-0.04320267534596841,0.004094386711229431,0.06479969025645071,3.2822036717457275,1.6167677747402682,17.94,12
2023-07,98,-0.004703295221526594,0.011996566894491538,-0.016699862116018132,0.004132511744347028,0.03273305594516396,3.144255991866555,2.044574766077904,13.59,13
2023-08,98,-0.0023474028317108583,-0.01777119980305787,0.015423796971347013,0.004302073424193827,-0.01625192610748194,3.1428122132721796,2.0376384745666853,13.63,12
2023-09,98,-0.00966828287495413,-0.025024183454644446,0.015355900579690315,0.004307290562068532,-0.0474343552719807,3.025353199207526,1.9701568029222931,13.570000000000002,13
2023-10,98,0.006280840210228716,-0.013544906153527683,0.019825746363756398,0.004311707983381619,-0.02170849356696447,2.9258990608265942,1.4758077739637854,17.52,13
2023-11,98,-0.009695327491430497,0.05929415202012139,-0.06898947951155189,0.004325240105710643,0.09134369583921176,2.6212358939442586,1.276948492151374,18.14,13
2023-12,98,0.0011291108525783057,0.031250899919332734,-0.030121789066754428,0.004326007808380439,0.045655250411731796,2.6039517813034334,1.7810453598585598,12.920000000000002,13
2024-01,98,0.010091279311148225,0.011610862720135173,-0.001519583408986948,0.004318774561497144,0.015926617018114486,2.7668016173250845,1.9638722136180593,12.45,13
2024-02,98,-0.009675691794934868,0.02522875380711511,-0.03490444560204998,0.004319960964887675,0.05218673395232387,2.74009084680655,1.6873983374896449,14.35,12
2024-03,98,-0.005989768928059013,0.010894603923095847,-0.01688437285115486,0.004321398627669892,0.032701939103215505,2.707723204430188,1.7856816032996858,13.4,13
2024-04,98,-0.00390250281343983,-0.01862470373766761,0.01472220092422778,0.0043207287548290094,-0.04031954733680698,2.7228047693281296,1.8494549716729585,13.01,13
2024-05,98,-0.013538916894669833,0.01831948220308161,-0.03185839909775144,0.004320374748423305,0.05057963393354492,2.730774894784874,1.5419706793378618,15.65,13
2024-06,98,-0.008772521385098452,0.011181679707078486,-0.019954201092176937,0.0043216664014226955,0.035280160641754765,2.701694527068779,1.8478992336726383,12.920000000000002,13
2024-07,98,0.016861974821246493,0.014651582623833927,0.0022103921974125657,0.004323659437466933,0.012108972455180167,2.656823171476185,1.8873255789926473,12.44,12
2024-08,98,0.009416488684326204,0.013801637081644504,-0.0043851483973183,0.0043192712887558885,0.02336554202963792,2.75561826440775,1.488470772484841,16.36,13
2024-09,98,0.0014909431573823795,0.005101330068168183,-0.0036103869107858037,0.004157696366129176,0.021004576352000814,2.7439446519491004,1.6165481463716809,15.0,13
2024-10,98,0.009790433981307776,-0.009141343225635406,0.01893177720694318,0.0039154456016083725,-0.008923398815693484,2.7218484072453935,1.4377141551439567,16.73,13
2024-11,98,0.002200219694439981,0.03443305587008757,-0.03223283617564759,0.0037631589889116,0.05963351362768754,2.6769227005620606,1.0214140595387846,23.16,13
2024-12,98,0.0008047828840130125,-0.014483221304020603,0.015288004188033616,0.0036370436279569832,-0.02406010339609721,2.5791885368665333,1.687066869647604,13.51,13
2025-01,98,0.02201016583873761,0.028696002449877547,-0.006685836611139939,0.003511603322446714,0.02685633659714526,2.680739331730781,1.3653992602499416,17.35,12
2025-02,98,0.02524438189919647,0.006652086650536787,0.01859229524865968,0.0035080135823552677,-0.012694826224656452,2.7802240455814973,1.495363540863479,16.43,13
2025-03,98,0.0007902443782883857,-0.02142319175872863,0.022213436137017015,0.0035062243759953374,-0.05571910513222289,2.829809441237762,1.2739179223704604,19.63,13
2025-04,98,0.02374610179687622,-0.0014660916383117087,0.025212193435187928,0.003501870753114255,-0.008670223998505366,2.950464116925967,1.1702528478970375,22.28,13
2025-05,98,0.001284517463949808,0.03492188972569772,-0.033637372261747914,0.003506361136863968,0.06284495254464906,2.8260193016914226,1.0110734970048465,24.7,13
2025-06,98,0.0005441471475583909,0.02988862828190698,-0.02934448113434859,0.003506894038113506,0.05138613709397677,2.8112506758381737,1.3378031835866662,18.57,0
2025-07,98,-0.00420276797138289,-0.0005636840369291732,-0.003639083934453717,0.003503518568080863,0.02303149096060908,2.9047971894449076,1.5343499755424865,16.73,12
2025-08,98,0.007980400646252656,0.009168963716401909,-0.001188563070149253,0.0035042027157144813,0.020519412461037057,2.8858369778896504,1.5252466397525566,16.72,13
2025-09,98,0.002761961645955043,0.020288563721175025,-0.017526602075219982,0.0034163634699178012,0.035620488101362424,2.8522236042331257,1.6409559009217554,15.36,13
2025-10,98,0.010634814938913294,0.015572907763518253,-0.00493809282460496,0.003305444017792086,0.023837394994002947,3.018757424193059,1.638620454052842,16.28,13
2025-11,98,0.01756454703342438,-0.00025970130695212007,0.017824248340376502,0.0031321729965254055,0.001949968878745878,3.1286702105544686,1.5853233724979983,17.44,13
2025-12,98,0.013608242864304905,-0.00411195414968792,0.017720197013992824,0.003008807733896238,0.0007975201147529809,2.941686003347167,1.5899487042724594,16.35,13
2026-01,99,0.03136292528972158,0.028863185433764003,0.0024997398559575778,0.0029430493694666848,0.014737783295277307,2.976394413186223,1.7415851988117605,14.95,13
2026-02,99,0.030003112863998697,0.010066515248557893,0.019936597615440803,0.002937590548128976,-0.008641914713669485,3.1563555561876018,1.5831967003953666,17.44,14
