ticker,spot,expiration,dte,strike,put_mid,put_bid,put_ask,put_prem_pct,put_spread_pct_of_mid,call_mid,call_prem_pct,backtest_prem_pct_2022plus,iv30,iv_rank,liquidity_rating,contract_notional,contracts_at_size1,min_capital_for_1_unit,regT_est_bp,tt_bp_change,tt_bp_pct_of_notional,error
NVDA,237.53,2026-11-06,32.0,240.0,9.3,9.15,9.45,3.915294910116617,3.225806451612903,7.725,3.252220772112996,5.497173913043478,32.44,-0.066426571,4,23753.0,0.0,2375300.0,4750.6,-7201.14,30.316759988212016,
AAPL,335.0651,2026-11-06,32.0,335.0,9.875,9.65,10.1,2.9471884717328067,4.556962025316456,11.1,3.3127890669604207,2.8369368421052634,26.6,0.516502606,4,33506.509999999995,0.0,3350650.9999999995,6701.302,-8373.64,24.991083822218428,
GOOGL,345.13,2026-11-06,32.0,345.0,14.05,13.1,15.0,4.070929794570162,13.523131672597863,14.625,4.237533682960044,3.1670526315789473,36.19,0.484909457,4,34513.0,0.0,3451300.0,6902.6,-10356.15,30.006519282589167,
MSFT,528.395,2026-11-06,32.0,530.0,21.2,20.1,22.3,4.012150001419393,10.37735849056604,21.325,4.035806546239082,2.8089736842105264,33.23,0.46557971,4,52839.5,0.0,5283950.0,10567.900000000001,-15901.17,30.09333926324057,
AMZN,252.54,2026-11-06,32.0,255.0,12.55,12.25,12.85,4.969509780628812,4.780876494023904,10.925,4.326047358834244,3.5648666666666666,39.7,0.421183029,4,25254.0,0.0,2525400.0,5050.8,-7646.15,30.276985824027875,
META,738.0701,2026-11-06,32.0,740.0,38.0,37.55,38.45,5.1485624468461735,2.368421052631579,38.9,5.2705020837451615,4.2437695652173915,43.77,0.579610195,3,73807.01000000001,0.0,7380701.0,14761.402000000002,-22201.2,30.080069630242434,
AVGO,358.33,2026-11-06,32.0,360.0,15.625,15.45,15.8,4.360505679122597,2.2399999999999998,15.225,4.248876733737058,3.867711538461539,36.75,0.054291624,4,35833.0,0.0,3583300.0,7166.6,-10803.66,30.150029302598163,
TSLA,375.0929,2026-11-06,32.0,375.0,18.875,18.7,19.05,5.032086717717131,1.8543046357615893,20.35,5.425322633406285,6.145611111111111,46.07,0.20661986,4,37509.29,0.0,3750929.0,7501.858,-14963.86,39.89374365657148,
BRK.B,502.43,2026-11-06,32.0,500.0,7.175,5.85,8.5,1.4280596301972415,36.933797909407666,11.4,2.2689727922297633,,14.9,0.30910683,3,50243.0,0.0,5024300.0,10048.6,-14998.64,29.852198316183348,
LLY,1159.785,2026-11-06,32.0,1160.0,55.025,51.05,59.0,4.744413835322925,14.447978191731032,55.925,4.822014425087408,3.135991666666667,41.03,0.509114583,2,115978.50000000001,0.0,11597850.0,23195.700000000004,-34803.73,30.008777488931138,
JPM,331.1,2026-11-06,32.0,330.0,9.275,8.45,10.1,2.8012684989429175,17.78975741239892,11.15,3.3675626698882515,2.6051894736842107,26.46,0.390697674,3,33110.0,0.0,3311000.0,6622.0,-9898.64,29.89622470552703,
V,362.67,2026-11-06,32.0,365.0,11.825,10.55,13.1,3.260539884743706,21.56448202959831,9.5,2.619461218187333,2.4170363636363636,24.73,0.478409091,3,36267.0,0.0,3626700.0,7253.400000000001,-10953.65,30.20280144483966,
NFLX,66.675,2026-11-06,32.0,67.0,3.55,3.5,3.6,5.324334458192726,2.8169014084507045,3.525,5.286839145106862,4.480266666666667,48.26,0.56205036,4,6667.5,1.0,666750.0,1333.5,-2016.13,30.238170228721412,
MA,557.645,2026-11-06,32.0,560.0,19.3,16.5,22.1,3.4609832420267375,29.015544041450774,15.35,2.752647293529037,2.4735454545454547,25.59,0.369820656,2,55764.5,0.0,5576450.0,11152.900000000001,-16801.16,30.128773682181315,
COST,918.34,2026-11-06,32.0,920.0,21.35,20.0,22.7,2.324847006555306,12.646370023419204,22.5,2.4500729577280747,2.296481818181818,19.66,0.230601885,2,91834.0,0.0,9183400.0,18366.8,-27596.17,30.05005771282967,
XOM,162.11,2026-11-06,32.0,162.5,5.6,4.8,6.4,3.4544445129850097,28.571428571428577,6.1,3.762877058787243,2.642523076923077,30.06,0.581936685,4,16211.000000000002,0.0,1621100.0000000002,3242.2000000000007,-4876.13,30.07914379125285,
WMT,103.53,2026-11-06,32.0,104.0,2.725,2.3,3.15,2.632087317685695,31.19266055045871,3.055,2.9508355066164396,,23.46,0.257788945,4,10353.0,0.0,1035300.0,2070.6,-3123.63,30.171254708780065,
PG,144.72,2026-11-06,32.0,145.0,4.2,3.7,4.7,2.902155887230514,23.809523809523807,3.75,2.5912106135986734,1.7400300000000002,23.46,0.462048637,3,14472.0,0.0,1447200.0,2894.4,-4351.13,30.065851299060252,
JNJ,254.68,2026-11-06,32.0,255.0,7.55,7.15,7.95,2.964504476205434,10.596026490066226,8.2,3.2197267158787493,1.974021052631579,26.22,0.679577465,3,25468.0,0.0,2546800.0,5093.6,-7646.14,30.022538087011153,
HD,279.87,2026-11-06,32.0,280.0,8.65,7.8,9.5,3.090720691749741,19.653179190751445,10.7,3.823203630256905,2.851661904761905,28.01,0.510905486,2,27987.0,0.0,2798700.0,5597.400000000001,-8406.14,30.03587379854932,
ABBV,261.73,2026-11-06,32.0,260.0,8.725,7.4,10.05,3.333588048752531,30.37249283667622,9.925,3.7920758033087534,2.61695,30.93,0.583883752,3,26173.0,0.0,2617300.0,5234.6,-7803.64,29.81561150804264,
BAC,53.77,2026-11-06,32.0,54.0,1.81,1.58,2.04,3.366189324902362,25.41436464088398,1.81,3.366189324902362,3.12212,29.15,0.420365535,4,5377.0,1.0,537700.0,1075.4,-1622.13,30.16793751162358,
UNH,371.115,2026-11-06,32.0,370.0,16.575,15.55,17.6,4.466270563033022,12.368024132730014,18.8,5.065815178583458,2.678177777777778,41.03,0.507323569,3,37111.5,0.0,3711150.0,7422.3,-11098.66,29.906255473370784,
KO,85.245,2026-11-06,32.0,85.0,1.82,1.64,2.0,2.1350225819696167,19.78021978021978,2.61,3.061763153264121,1.7197043478260867,21.37,0.62611276,4,8524.5,1.0,852450.0,1704.9,-2553.13,29.950495630242248,
PM,186.15,2026-11-06,32.0,185.0,6.55,5.3,7.8,3.51866774106903,38.16793893129771,7.9,4.24388933655654,2.15279,32.76,0.58587019,2,18615.0,0.0,1861500.0,3723.0,-5546.14,29.793929626645184,
CRM,232.25,2026-11-06,32.0,230.0,8.9,7.85,9.95,3.8320775026910656,23.595505617977526,13.1,5.640473627556513,3.603241176470588,39.73,0.411508045,3,23225.0,0.0,2322500.0,4645.0,-6913.64,29.7680947255113,
ORCL,145.495,2026-11-06,32.0,145.0,9.025,8.85,9.2,6.202962301110004,3.8781163434903045,9.625,6.615347606446957,2.8789894736842108,54.66,0.22788671,4,14549.5,0.0,1454950.0,2909.9,-5078.64,34.905941784941064,
CSCO,112.02,2026-11-06,32.0,112.0,3.825,3.55,4.1,3.41456882699518,14.379084967320264,4.25,3.793965363327977,2.84066,28.95,0.315348057,3,11202.0,0.0,1120200.0,2240.4,-3363.63,30.0270487412962,
GE,306.47,2026-11-06,32.0,305.0,11.875,10.7,13.05,3.874767513949163,19.789473684210527,16.0,5.220739387215715,2.6427263157894734,38.18,0.503314185,2,30647.000000000004,0.0,3064700.0000000005,6129.4000000000015,-9148.65,29.8516983717819,
PLTR,190.06,2026-11-06,32.0,190.0,12.675,12.4,12.95,6.668946648426813,4.339250493096647,13.6,7.155635062611807,,50.78,0.396280401,4,19006.0,0.0,1900600.0,3801.2000000000003,-6638.65,34.929232873829314,
IBM,221.225,2026-11-06,32.0,220.0,10.75,10.5,11.0,4.859306136286587,4.651162790697675,12.6,5.695558820205672,2.4248529411764705,45.48,0.505840286,3,22122.5,0.0,2212250.0,4424.5,-6588.65,29.782574302181036,
WFC,81.03,2026-11-06,32.0,81.0,2.8,2.45,3.15,3.4555103048253732,25.0,3.44,4.245341231642601,3.1240449999999997,32.18,0.418036072,4,8103.0,1.0,810300.0,1620.6000000000001,-2431.13,30.00283845489325,
ABT,98.6,2026-11-06,32.0,99.0,4.45,3.7,5.2,4.513184584178499,33.70786516853933,3.05,3.0933062880324544,2.258573684210526,32.6,0.7798583,3,9860.0,1.0,986000.0,1972.0,-2976.13,30.183874239350917,
MCD,230.15,2026-11-06,32.0,230.0,5.95,5.55,6.35,2.5852704757766674,13.445378151260504,7.325,3.182706930262872,1.53041,22.51,0.607033639,3,23015.0,0.0,2301500.0,4603.0,-6896.14,29.96367586356724,
CVX,202.575,2026-11-06,32.0,205.0,7.275,6.1,8.45,3.591262495372085,32.302405498281786,6.775,3.344440330741701,2.8288363636363636,28.66,0.597023469,3,20257.5,0.0,2025750.0,4051.5,-6148.64,30.352412686659264,
LIN,478.305,2026-11-20,46.0,480.0,16.05,14.6,17.5,3.3555994605952275,18.06853582554517,16.65,3.481042431084768,,23.86,0.488240065,2,47830.5,0.0,4783050.0,9566.1,-14406.16,30.11919172912681,
NOW,136.67,2026-11-06,32.0,137.0,9.375,9.15,9.6,6.859588790517305,4.8,9.7,7.097387868588571,3.8001400000000003,59.45,0.552349242,3,13666.999999999998,0.0,1366699.9999999998,2733.3999999999996,-6821.14,49.90956318138583,
DIS,101.36,2026-11-06,32.0,101.0,2.6,2.0,3.2,2.565114443567482,46.15384615384615,3.425,3.37904498816101,3.334563636363636,23.96,0.118326118,3,10136.0,0.0,1013600.0,2027.2,-3031.13,29.904597474348854,
ACN,195.715,2026-11-06,32.0,195.0,9.9,8.5,11.3,5.058375699358762,28.28282828282828,10.05,5.1350177554096526,2.74263,43.74,0.574744405,2,19571.5,0.0,1957150.0,3914.3,-5851.14,29.896226656107096,
T,24.075,2026-11-06,32.0,24.0,1.21,0.4,2.02,5.0259605399792315,133.88429752066116,0.525,2.180685358255452,3.1609307692307693,28.72,0.455882353,4,2407.5,4.0,240750.0,481.5,-684.5569272,28.434347962616823,
ISRG,395.94,2026-11-06,32.0,395.0,20.45,17.8,23.1,5.164923978380562,25.91687041564792,20.4,5.152295802394303,2.25413,43.48,0.663132695,2,39594.0,0.0,3959400.0,7918.8,-11856.16,29.944335000252565,
MRK,141.215,2026-11-06,32.0,141.0,5.625,5.1,6.15,3.983287894345502,18.666666666666668,6.85,4.8507594802251885,2.6325263157894736,36.15,0.7527339,3,14121.5,0.0,1412150.0,2824.3,-4233.64,29.98010126403003,
UBER,69.4,2026-11-06,32.0,69.0,3.215,2.68,3.75,4.632564841498558,33.28149300155521,3.435,4.9495677233429385,3.0,35.6,0.452207458,4,6940.000000000001,1.0,694000.0,1388.0000000000002,-2072.63,29.864985590778097,
GS,888.12,2026-11-06,32.0,890.0,35.25,32.85,37.65,3.969058235373598,13.617021276595745,37.625,4.236477052650542,2.5431684210526315,34.96,0.503499382,2,88812.0,0.0,8881200.0,17762.4,-26706.19,30.07047471062469,
INTU,288.285,2026-11-06,32.0,290.0,17.6,15.3,19.9,6.105069635950535,26.13636363636363,15.25,5.289904087968503,3.433192857142857,47.13,0.510950413,2,28828.500000000004,0.0,2882850.0000000005,5765.700000000001,-8701.16,30.182493019060995,
VZ,45.5251,2026-11-06,32.0,46.0,1.765,1.4,2.13,3.8769821483093936,41.35977337110482,1.165,2.55902787692943,3.1596157894736843,26.68,0.514934289,4,4552.51,2.0,455251.0,910.5020000000001,-1382.63,30.370718570634665,
AMD,630.815,2026-11-06,32.0,630.0,39.65,39.05,40.25,6.285519526327052,3.0264817150063053,42.675,6.765057901286429,5.87555,52.84,0.265899582,3,63081.50000000001,0.0,6308150.000000001,12616.300000000003,-22063.71,34.97651450900818,
ADBE,237.72,2026-11-06,32.0,240.0,11.4,10.15,12.65,4.795557799091369,21.929824561403507,11.075,4.658842335520781,3.9181125,39.32,0.418731417,3,23772.0,0.0,2377200.0,4754.400000000001,-7201.15,30.292571092041054,
RTX,182.725,2026-11-06,32.0,185.0,7.3,6.45,8.15,3.9950745656040496,23.28767123287671,6.575,3.59830346148584,3.4442,31.2,0.455588822,2,18272.5,0.0,1827250.0,3654.5,-5551.14,30.37975099192776,
PEP,124.55,2026-11-06,32.0,125.0,3.375,2.95,3.8,2.709755118426335,25.185185185185183,3.9,3.1312725812926536,2.184077777777778,24.56,0.468264249,3,12455.0,0.0,1245500.0,2491.0,-3748.63,30.097390606182255,
BKNG,155.89,2026-11-06,32.0,155.0,6.65,5.6,7.7,4.2658284687920975,31.57894736842105,9.8,6.286484059272565,3.0,40.37,0.808886357,2,15588.999999999998,0.0,1558899.9999999998,3117.7999999999997,-4676.14,29.996407723394707,
TXN,289.86,2026-11-06,32.0,290.0,16.025,14.65,17.4,5.528531014972745,17.1606864274571,16.825,5.8045263230525075,3.9117944444444444,49.09,0.400626355,2,28986.0,0.0,2898600.0,5797.200000000001,-8703.66,30.027116539018838,
QCOM,181.7,2026-11-06,32.0,180.0,10.1,8.95,11.25,5.5586130985140345,22.77227722772277,12.7,6.989543203082003,4.25534,49.4,0.410508783,3,18170.0,0.0,1817000.0,3634.0,-5401.14,29.725591634562466,
PGR,209.06,2026-11-06,32.0,210.0,6.6,5.2,8.0,3.156988424375777,42.42424242424242,7.3,3.49182052999139,2.493288888888889,33.22,0.63603733,2,20906.0,0.0,2090600.0,4181.2,-6301.14,30.140342485410887,
CAT,827.8775,2026-11-06,32.0,830.0,43.1,38.1,48.1,5.206084233476571,23.201856148491878,42.6,5.145688824735544,3.0252904761904764,44.6,0.563871896,2,82787.75,0.0,8278775.000000001,16557.55,-24901.2,30.07836304284148,
SPGI,385.61,2026-11-06,32.0,385.0,12.8,8.7,16.9,3.3194159902492157,64.06249999999999,15.0,3.889940613573299,2.4227210526315788,31.27,0.487328767,2,38561.0,0.0,3856100.0,7712.200000000001,-11551.14,29.955499079380722,
AXP,301.45,2026-11-06,32.0,300.0,9.925,9.05,10.8,3.292419970144303,17.632241813602015,12.0,3.9807596616354286,2.4491842105263157,30.55,0.366753472,2,30145.0,0.0,3014500.0,6029.0,-9003.64,29.86777243323934,
MS,188.22,2026-11-06,32.0,190.0,8.2,7.3,9.1,4.356603974072893,21.951219512195124,7.325,3.8917224524492617,2.51243,34.6,0.388798701,3,18822.0,0.0,1882200.0,3764.4,-5701.14,30.289767293592607,
BSX,42.795,2026-11-06,32.0,43.0,2.55,2.35,2.75,5.958640028040659,15.686274509803924,2.4,5.60813179109709,2.2059,47.24,0.799674709,3,4279.5,2.0,427950.0,855.9000000000001,-1291.13,30.17011333099661,
BA,191.925,2026-11-06,32.0,190.0,7.15,6.3,8.0,3.7254135730102904,23.776223776223773,10.575,5.5099648300117225,3.0,39.57,0.663974877,3,19192.5,0.0,1919250.0,3838.5,-5696.14,29.67898918848509,
TMO,658.3,2026-11-06,32.0,660.0,29.75,25.5,34.0,4.519216162843689,28.57142857142857,30.35,4.610360018228771,2.7031947368421054,38.07,0.695840086,1,65830.0,0.0,6583000.0,13166.0,-19801.18,30.079264772899894,
SCHW,96.8,2026-11-06,32.0,97.0,3.45,2.85,4.05,3.5640495867768602,34.78260869565217,4.095,4.230371900826446,2.6972636363636364,33.27,0.653190453,3,9680.0,1.0,968000.0,1936.0,-2916.13,30.125309917355374,
TJX,133.735,2026-11-06,32.0,135.0,4.25,3.6,4.9,3.1779264964295053,30.58823529411765,3.5,2.6171159382360636,2.152964,23.35,0.435516543,3,13373.500000000002,0.0,1337350.0000000002,2674.7000000000007,-4056.13,30.329607058735558,
NEE,75.94,2026-11-06,32.0,76.0,2.09,1.85,2.33,2.7521727679747165,22.966507177033492,2.725,3.58835923097182,1.8498736842105261,25.95,0.383073497,3,7594.0,1.0,759400.0,1518.8000000000002,-2280.13,30.02541480115881,
AMGN,400.89,2026-11-06,32.0,400.0,13.175,11.5,14.85,3.2864376761705207,25.426944971537,15.575,3.8851056399511084,2.0620076923076924,28.51,0.588343558,2,40089.0,0.0,4008900.0,8017.8,-11998.65,29.930030681733143,
HON,212.81,2026-11-06,32.0,215.0,9.15,7.6,10.7,4.299609980733988,33.87978142076503,8.05,3.78271697758564,3.0713875,32.26,0.724120852,2,21281.0,0.0,2128100.0,4256.2,,,"HTTP 422: {""data"":{""buying-power-effect"":{""change-in-margin-requirement"":""7365.0"",""change-in-margin-requirement-effect"":""Debit"",""change-in-buying-powe"
BLK,1043.19,2026-11-06,32.0,1040.0,37.05,33.5,40.6,3.5516061311937417,19.163292847503374,44.45,4.26096875928642,2.586938095238095,33.55,0.546222222,1,104319.0,0.0,10431900.0,20863.800000000003,-31206.19,29.914195879945165,
C,128.22,2026-11-06,32.0,128.0,4.625,4.2,5.05,3.60708157853689,18.378378378378375,5.45,4.250506941194822,3.0,32.86,0.302436902,3,12822.0,0.0,1282200.0,2564.4,-3843.63,29.976836686944313,
UNP,274.775,2026-11-06,32.0,275.0,8.05,6.5,9.6,2.9296697297789107,38.50931677018633,9.95,3.6211445728323173,3.13061875,27.51,0.440384615,2,27477.499999999996,0.0,2747750.0,5495.5,-8256.14,30.046911109089258,
GILD,143.99,2026-11-06,32.0,144.0,5.45,4.5,6.4,3.784985068407528,34.862385321100916,6.275,4.357941523716924,2.6327,31.42,0.620727075,2,14399.0,0.0,1439900.0,2879.8,-4326.13,30.044655878880477,
CMCSA,21.325,2026-11-06,32.0,21.0,0.88,0.79,0.97,4.1266119577960145,20.454545454545453,1.175,5.509964830011723,2.5456,37.63,0.664210041,4,2132.5,4.0,213250.0,426.5,-629.13,29.501992966002344,
AMAT,539.26,2026-11-06,32.0,540.0,34.325,31.6,37.05,6.365204168675594,15.877640203932994,34.55,6.406928012461521,3.751025,53.9,0.271630094,2,53926.0,0.0,5392600.0,10785.2,-18903.69,35.05487149056113,
ADP,257.56,2026-11-06,32.0,260.0,10.15,8.3,12.0,3.9408293213231866,36.45320197044335,8.95,3.4749184656002483,2.6730238095238095,32.03,0.670043415,2,25756.0,0.0,2575600.0,5151.200000000001,-7796.14,30.26921882279857,
PFE,27.345,2026-11-06,32.0,27.5,1.05,0.84,1.26,3.8398244651673066,40.0,0.805,2.9438654232949353,2.9645571428571427,24.39,0.612720848,4,2734.5,3.0,273450.0,546.9,-826.13,30.211373194368257,
SYK,280.705,2026-11-20,46.0,280.0,13.2,11.7,14.7,4.702445627972426,22.72727272727273,13.95,4.969630038652678,2.3620636363636365,33.17,0.71985993,2,28070.5,0.0,2807050.0,5614.1,-8401.15,29.9287508238186,
DE,678.93,2026-11-06,32.0,680.0,23.15,20.1,26.2,3.4097771493379287,26.34989200863931,25.95,3.8221908002297735,3.3413846153846154,30.3,0.468849477,1,67893.0,0.0,6789299.999999999,13578.6,-20406.17,30.056368108641536,
LOW,178.75,2026-11-06,32.0,180.0,6.95,6.1,7.8,3.8881118881118883,24.460431654676256,6.4,3.5804195804195804,2.755594117647059,30.82,0.6,2,17875.0,0.0,1787500.0,3575.0,-5396.14,30.188195804195807,
ETN,433.61,2026-11-06,32.0,435.0,21.7,20.0,23.4,5.004497128756255,15.668202764976957,20.55,4.739281843130924,2.50419,37.46,0.479324895,2,43361.0,0.0,4336100.0,8672.2,-13051.17,30.09886764604137,
GEV,983.39,2026-11-06,32.0,985.0,61.45,58.0,64.9,6.2487924424694175,11.228641171684297,59.9,6.091174406898586,,51.54,0.449862259,2,98339.0,0.0,9833900.0,19667.800000000003,-34366.24,34.946704766166015,
PANW,406.74,2026-11-06,32.0,405.0,24.75,22.45,27.05,6.084968284407729,18.585858585858585,26.175,6.435314943206963,3.4384142857142854,51.56,0.462783741,2,40674.0,0.0,4067400.0,8134.8,-14171.17,34.8408565668486,
DHR,215.8,2026-11-06,32.0,215.0,10.15,8.4,11.9,4.703429101019462,34.48275862068965,10.4,4.819277108433735,2.17715625,40.02,0.96034298,2,21580.0,0.0,2158000.0,4316.0,-6446.14,29.870898980537536,
COF,194.945,2026-11-06,32.0,195.0,7.9,6.8,9.0,4.052425042960835,27.848101265822784,8.8,4.514093718741184,,39.69,0.524216524,2,19494.5,0.0,1949450.0,3898.9,-5851.14,30.014311728949195,
TMUS,162.7,2026-11-06,32.0,165.0,7.75,6.2,9.3,4.763368162261832,40.0,6.6,4.056545789797173,2.976719230769231,35.78,0.781962865,2,16269.999999999998,0.0,1627000.0,3254.0,-4946.14,30.400368776889984,
MMC,,,,,,,,,,,,,24.74,0.464719272,2,,,,,,,IndexError('list index out of range')
VRTX,501.175,2026-11-06,32.0,500.0,17.15,14.6,19.7,3.421958397765251,29.737609329446062,22.85,4.5592856786551605,2.5233454545454546,29.91,0.407807598,1,50117.5,0.0,5011750.0,10023.5,-15006.16,29.941956402454235,
COP,125.37,2026-11-06,32.0,125.0,4.3,3.5,5.1,3.4298476509531786,37.2093023255814,5.85,4.66618808327351,2.7589,33.25,0.605579869,3,12537.0,0.0,1253700.0,2507.4,-3751.13,29.920475392837204,
ADI,411.4208,2026-11-06,32.0,410.0,17.2,15.7,18.7,4.180634523096547,17.441860465116278,20.4,4.9584269925098585,3.8634882352941173,38.22,0.343651626,2,41142.08,0.0,4114208.0,8228.416000000001,-12301.16,29.89921754077577,
MDT,86.59,2026-11-06,32.0,87.0,3.535,1.82,5.25,4.082457558609539,97.02970297029702,2.955,3.4126342533779876,2.138323529411765,27.39,0.65815486,3,8659.0,1.0,865900.0,1731.8000000000002,-2598.3482257,30.007486149670864,
CB,329.295,2026-11-20,46.0,330.0,9.05,7.9,10.2,2.748295601208643,25.414364640883974,11.25,3.416389559513506,2.0062875,20.76,0.460627178,2,32929.5,0.0,3292950.0,6585.900000000001,-9906.14,30.082874018736998,
CRWD,272.03,2026-11-06,32.0,270.0,16.175,15.05,17.3,5.946035363746646,13.910355486862441,18.525,6.809910671617102,,51.94,0.478363832,3,27202.999999999996,0.0,2720299.9999999995,5440.599999999999,-9428.66,34.66036834172702,
MU,1058.7272,2026-11-06,32.0,1060.0,60.15,58.15,62.15,5.681350209950212,6.6500415627597675,62.5,5.903314848244193,5.744394736842105,52.79,0.102761811,3,105872.72,0.0,10587272.0,21174.544,-63596.24,60.068580461520206,
LRCX,345.79,2026-11-06,32.0,345.0,24.375,22.9,25.85,7.049076028803608,12.102564102564104,25.65,7.417796928771797,3.7784705882352947,60.65,0.306112853,2,34579.0,0.0,3457900.0,6915.8,-13798.67,39.90476879030626,
APH,87.38,2026-11-20,46.0,87.5,5.65,5.3,6.0,6.46601052872511,12.38938053097345,5.8,6.637674525062944,,45.31,0.305213613,4,8738.0,1.0,873800.0,1747.6000000000001,-2631.14,30.111467154955367,
KLAC,201.3954,2026-11-06,32.0,200.0,13.15,11.5,14.8,6.529444068732454,25.09505703422053,17.4,8.639720668893132,4.0489500000000005,62.72,0.321790413,2,20139.54,0.0,2013954.0,4027.9080000000004,-7996.15,39.703737026764266,
CME,263.26,2026-11-06,32.0,265.0,10.2,8.8,11.6,3.8744966952822306,27.450980392156865,8.3,3.1527767226316192,,32.09,0.747231584,2,26326.0,0.0,2632600.0,5265.200000000001,-7951.14,30.202613386006234,
MO,66.51,2026-11-06,32.0,67.0,2.245,1.75,2.74,3.3754322658246876,44.097995545657014,1.82,2.7364306119380544,,25.85,0.614206981,3,6651.000000000001,1.0,665100.0,1330.2000000000003,-2010.63,30.230491655390164,
BX,109.19,2026-11-06,32.0,109.0,5.225,4.2,6.25,4.7852367432915095,39.23444976076555,5.825,5.334737613334554,,44.2,0.504960317,2,10919.0,0.0,1091900.0,2183.8,-3273.63,29.981042219983518,
ICE,147.88,2026-11-06,32.0,148.0,3.85,2.6,5.1,2.603462266702732,64.93506493506493,5.95,4.023532593995132,3.0,30.6,0.551646369,2,14788.0,0.0,1478800.0,2957.6000000000004,-4446.13,30.065796591831216,
AMT,160.75,2026-11-20,46.0,160.0,5.35,4.7,6.0,3.328149300155521,24.29906542056075,7.95,4.94556765163297,2.8073545454545457,28.1,0.578205128,2,16075.0,0.0,1607500.0,3215.0,-4806.13,29.898164852255054,
LMT,501.98,2026-11-06,32.0,500.0,15.0,12.1,17.9,2.98816685923742,38.666666666666664,20.8,4.143591378142555,3.22864,29.75,0.417672414,2,50198.0,0.0,5019800.0,10039.6,-15001.15,29.883959520299612,
