Ticker,spot,contract_notional,min_capital_for_1_unit,contracts_at_size1,regT_bp_per_contract
LLY,1142.85,114285.0,11428500.0,0,22857.0
MU,1074.89,107489.0,10748900.0,0,21498.0
BLK,1059.63,105963.0,10596300.0,0,21193.0
GEV,988.7,98870.0,9887000.0,0,19774.0
COST,920.65,92065.0,9206500.0,0,18413.0
GS,902.56,90256.0,9025600.0,0,18051.0
CAT,845.42,84542.0,8454200.0,0,16908.0
META,728.08,72808.0,7280800.0,0,14562.0
DE,687.0,68700.0,6870000.0,0,13740.0
TMO,654.8,65480.0,6548000.0,0,13096.0
AMD,633.91,63391.0,6339100.0,0,12678.0
MA,552.26,55226.0,5522600.0,0,11045.0
AMAT,540.04,54004.0,5400400.0,0,10801.0
MSFT,517.53,51753.0,5175300.0,0,10351.0
LMT,505.41,50541.0,5054100.0,0,10108.0
VRTX,504.73,50473.0,5047300.0,0,10095.0
BRK-B,502.65,50265.0,5026500.0,0,10053.0
LIN,479.48,47948.0,4794800.0,0,9590.0
ETN,436.11,43611.0,4361100.0,0,8722.0
ADI,417.15,41715.0,4171500.0,0,8343.0
PANW,403.24,40324.0,4032400.0,0,8065.0
AMGN,403.04,40304.0,4030400.0,0,8061.0
ISRG,391.95,39195.0,3919500.0,0,7839.0
SPGI,386.27,38627.0,3862700.0,0,7725.0
UNH,371.9,37190.0,3719000.0,0,7438.0
TSLA,370.59,37059.0,3705900.0,0,7412.0
V,360.66,36066.0,3606600.0,0,7213.0
AVGO,355.14,35514.0,3551400.0,0,7103.0
LRCX,347.49,34749.0,3474900.0,0,6950.0
GOOGL,343.5,34350.0,3435000.0,0,6870.0
AAPL,333.69,33369.0,3336900.0,0,6674.0
JPM,332.38,33238.0,3323800.0,0,6648.0
CB,330.89,33089.0,3308900.0,0,6618.0
GE,309.56,30956.0,3095600.0,0,6191.0
AXP,302.78,30278.0,3027800.0,0,6056.0
TXN,293.8,29380.0,2938000.0,0,5876.0
HD,282.85,28285.0,2828500.0,0,5657.0
INTU,281.08,28108.0,2810800.0,0,5622.0
UNP,278.28,27828.0,2782800.0,0,5566.0
SYK,275.43,27543.0,2754300.0,0,5509.0
CRWD,270.04,27004.0,2700400.0,0,5401.0
CME,263.14,26314.0,2631400.0,0,5263.0
ABBV,262.82,26282.0,2628200.0,0,5256.0
ADP,257.68,25768.0,2576800.0,0,5154.0
JNJ,256.03,25603.0,2560300.0,0,5121.0
AMZN,251.52,25152.0,2515200.0,0,5030.0
ADBE,237.69,23769.0,2376900.0,0,4754.0
CRM,234.69,23469.0,2346900.0,0,4694.0
NVDA,233.95,23395.0,2339500.0,0,4679.0
MCD,231.89,23189.0,2318900.0,0,4638.0
IBM,222.64,22264.0,2226400.0,0,4453.0
DHR,214.06,21406.0,2140600.0,0,4281.0
HON,213.99,21399.0,2139900.0,0,4280.0
PGR,210.31,21031.0,2103100.0,0,4206.0
KLAC,206.89,20689.0,2068900.0,0,4138.0
CVX,206.69,20669.0,2066900.0,0,4134.0
ACN,198.9,19890.0,1989000.0,0,3978.0
COF,194.72,19472.0,1947200.0,0,3894.0
BA,193.56,19356.0,1935600.0,0,3871.0
MS,190.31,19031.0,1903100.0,0,3806.0
PLTR,188.75,18875.0,1887500.0,0,3775.0
PM,187.46,18746.0,1874600.0,0,3749.0
QCOM,184.87,18487.0,1848700.0,0,3697.0
RTX,184.68,18468.0,1846800.0,0,3694.0
LOW,180.8,18080.0,1808000.0,0,3616.0
XOM,164.01,16401.0,1640100.0,0,3280.0
TMUS,163.64,16364.0,1636400.0,0,3273.0
AMT,162.2,16220.0,1622000.0,0,3244.0
BKNG,159.02,15902.0,1590200.0,0,3180.0
ICE,150.15,15015.0,1501500.0,0,3003.0
PG,144.91,14491.0,1449100.0,0,2898.0
GILD,144.74,14474.0,1447400.0,0,2895.0
MRK,144.3,14430.0,1443000.0,0,2886.0
ORCL,142.3,14230.0,1423000.0,0,2846.0
NOW,134.38,13438.0,1343800.0,0,2688.0
TJX,132.68,13268.0,1326800.0,0,2654.0
C,128.5,12850.0,1285000.0,0,2570.0
COP,126.75,12675.0,1267500.0,0,2535.0
PEP,125.89,12589.0,1258900.0,0,2518.0
CSCO,112.2,11220.0,1122000.0,0,2244.0
BX,111.75,11175.0,1117500.0,0,2235.0
WMT,104.26,10426.0,1042600.0,0,2085.0
DIS,102.19,10219.0,1021900.0,0,2044.0
ABT,97.5,9750.0,975000.0,1,1950.0
SCHW,96.7,9670.0,967000.0,1,1934.0
APH,86.96,8696.0,869600.0,1,1739.0
MDT,86.38,8638.0,863800.0,1,1728.0
KO,85.65,8565.0,856500.0,1,1713.0
WFC,80.45,8045.0,804500.0,1,1609.0
NEE,76.83,7683.0,768300.0,1,1537.0
UBER,68.11,6811.0,681100.0,1,1362.0
MO,67.35,6735.0,673500.0,1,1347.0
NFLX,67.06,6706.0,670600.0,1,1341.0
BAC,53.75,5375.0,537500.0,1,1075.0
VZ,45.92,4592.0,459200.0,2,918.0
BSX,42.6,4260.0,426000.0,2,852.0
PFE,27.8,2780.0,278000.0,3,556.0
T,24.3,2430.0,243000.0,4,486.0
CMCSA,21.57,2157.0,215700.0,4,431.0
