ym,n,spy,L30,L20,h30,hATM,hATMd,hVP,hFUT,repput,sstrad,vpstrad
2007-01,79,0.015040638063138267,0.006370113772294066,0.003420914460990451,0.004444876905142487,-0.0023950844465552997,-0.0014370506679331797,0.0015325185545369438,-0.0035646312209637694,-0.011665998410218856,0.006927736760211101,0.0029008386925163583
2007-02,79,-0.019618088447923343,-0.0070647147852048175,-0.004604865910345698,0.004183784115940365,0.008921447299625773,0.005352868379775464,-0.008976180105144952,0.004649486962157832,0.0007166309002331359,0.0021074292348090082,-0.018189535700873
2007-03,79,0.011588972879728487,-0.005164151399691319,-0.003936069701309834,0.004272273285124908,-4.2276456042613964e-05,-2.5365873625568377e-05,-0.0027913730814780034,-0.0027465865724956512,-0.010594697609422414,0.003433256694425095,-0.01122022513143119
2007-04,77,0.044296530158762115,0.013920553218232393,0.010007802192460691,-0.01285741084987444,-0.022549775833070523,-0.013529865499842312,0.00405438453035723,-0.010232498466674048,-0.01592430318575178,-0.010768943590256208,0.008331048914352466
2007-05,79,0.033918850481308827,0.007638913513716341,0.0041939101766904656,-0.005096509292872556,-0.014991850156598237,-0.008995110093958942,0.004670532737636396,-0.008038767564070192,-0.011222623427333513,-0.003762502890913854,0.008766371017321441
2007-06,79,-0.01462022340073843,-0.006415891415251378,-0.004378418927032554,0.005392495570984622,0.011548621964546245,0.006929173178727746,-0.0011037782446367268,0.0034649929459750076,0.0045607254915384235,0.010014748887972191,-0.003740075043810395
2007-07,78,-0.03131015777461721,-0.006175560317046984,-0.004270282977102175,0.005999223319625527,0.012879529805082172,0.007727717883049302,-0.004440285450283573,0.007326576919260426,-0.0017726448890022775,0.00214773632390516,-0.00806997112262491
2007-08,79,0.012832870254745332,-0.008392173821861281,-0.007033775915909795,0.010861426052552484,0.01358870369131421,0.008153222214788525,0.005737822445260341,-0.0030413902503746435,-0.015786547586084353,0.0318056057949468,0.005965875801590244
2007-09,79,0.0387139777571861,0.008669955550163009,0.0034976012087963764,0.0068977534269198905,-0.010597446279424397,-0.006358467767654637,0.007261218865544087,-0.009175212728453105,-0.014248845582174197,0.007947852657323248,0.013081140519083195
2007-10,79,0.013566772072665101,0.01207090769333534,0.010207431616633804,0.0070003517665512575,0.004361137983127701,0.0026166827898766202,0.0006020608607109439,-0.0032153249812216286,-0.01381349535493969,0.01893830851973505,0.0007024043374961025
2007-11,79,-0.038731930466605724,-0.00849942777424781,-0.005425710569295146,0.007371611694199356,0.01589988000332078,0.009539928001992468,-0.009040035044917322,0.009179467520585556,0.0038246061669408426,0.00042615352650136683,-0.018855451501356316
2007-12,79,-0.011260476688119692,-0.008419096597962585,-0.00645436812179634,0.009513492555074266,0.02067987835199553,0.012407927011197317,0.007325073805316461,0.0026687329750843666,0.003032742337984267,0.030885850894573585,0.013072018384829999
2008-01,79,-0.060461959791497155,-0.008897479381125529,-0.006047896636364191,0.009375526769048464,0.020369725787386862,0.012221835472432115,-0.00261805253066728,0.014329484470584825,0.014721685842394113,-0.008722213631603503,-0.006932822032429033
2008-02,79,-0.025842575753694863,-0.005651977280548095,-0.0031056873275436747,0.01062831073798349,0.023197587405877646,0.013918552443526586,0.009094767850436497,0.0061246904536256825,0.009154958513007181,0.026061639174615115,0.01827163490915176
2008-03,79,-0.00894192481715439,-0.006465561546295735,-0.0051850079793343395,0.010241582970881007,0.022321862517570828,0.013393117510542495,-0.0031653805858590464,0.00211923618166559,-0.02053937617249576,0.03797185620247712,-0.005938509398830658
2008-04,78,0.04766210336410892,0.0048009388948409785,0.002055497335456804,0.0036766214727612747,-0.015497399896149863,-0.009298439937689917,0.006935131433505785,-0.011152932187201486,-0.02117590233541214,0.007127340572637842,0.014815962607944178
2008-05,81,0.01511630733824143,-0.0037898495308664824,-0.003478396867155813,0.008861595899562886,0.006957652718894531,0.004174591631336718,0.006640682796219078,-0.0036732626831926674,-0.00909599414258836,0.023839951940268375,0.010961803150941916
2008-06,81,-0.08357556616623507,-0.010243730868575392,-0.00623066332886325,0.007215687828764025,0.015544809587769161,0.009326885752661496,0.00020576763593918595,0.02030886257839512,0.047093856144269086,-0.03732677614489923,-0.00030865145390877115
2008-07,81,-0.008985377528498484,0.004419509539607604,0.0021394236217505596,0.009766815247623925,0.021231478799179297,0.012738887279507576,-0.0002431799333826722,0.0021834467394251317,-0.020727251100930006,0.03464232348734425,-0.0010288381796959142
2008-08,81,0.015453853244979499,-0.008677590864583196,-0.006204362558275282,0.009512942650290535,0.008143320134732714,0.004885992080839627,0.0045081818419402744,-0.003755286338530018,-0.016242452972550975,0.028458197646546557,0.008670299932528283
2008-09,81,-0.09417395049091415,-0.008282230334914244,-0.005206009278086367,0.008924356868717443,0.01934215777828317,0.0116052946669699,-0.03389554148379991,0.02288426996929214,-0.0008776793707756856,-0.03947655228760939,-0.06967105091413509
2008-10,81,-0.16518725833443826,-0.020207182667315682,-0.011942004730838776,0.01651447865685894,0.03678564146130933,0.0220713848767856,-0.05675445522177093,0.040140503775268496,0.03560379696570766,-0.06126858758233312,-0.11454710169759863
2008-11,81,-0.0696065511374776,-0.026135024767362625,-0.015705267487456723,0.022457905022292193,0.05114261060524775,0.030685566363148647,-0.019108330919261375,0.016914391926407056,-0.011631553303121682,0.04241521805253341,-0.04170535857512797
2008-12,81,0.009796608866161627,-0.02036488327935386,-0.01399513737402377,0.019768796820040714,0.03663214614796386,0.021979287688778312,0.017686663616408835,-0.0023805759544772752,-0.019942839830346632,0.07526034325836496,0.029434125013663992
2009-01,81,-0.08211454549608199,-0.017208076562834473,-0.011232033466243017,0.01339887934556377,0.029508949608550966,0.01770536976513058,-0.009680431963502455,0.019953834555547924,0.012777359195719883,-0.0004613707153487899,-0.012327352007629218
2009-02,81,-0.1074485754439759,-0.02145797408138307,-0.01310553765004791,0.017331540376179923,0.03872172785400982,0.02323303671240589,0.006434915160279892,0.026110003832886145,0.037139413192284094,-0.012180691999562366,0.010279028722598262
2009-03,80,0.08331133510062783,-0.004316814425723221,-0.009044599075274707,0.010980524252795122,-0.0271675472722389,-0.016300528363343336,-0.00172743200541536,-0.019994720424150677,-0.058320096105432866,0.012036845406813457,-0.0037319921400417407
2009-04,81,0.0993449875329695,0.024123674471152025,0.012758695761315143,-0.007849404133304642,-0.04328161624287848,-0.025968969745727086,0.011953229033194335,-0.024140831970511586,-0.03864353252432011,-0.005317487412099274,0.02468276323834105
2009-05,81,0.05845348868065603,-0.0033034536217143333,-0.00496908351147899,0.008324962055409224,-0.01826861764338053,-0.010961170586028315,0.004152765016227146,-0.014204197749399414,-0.026016151929770817,0.014635497958166946,0.01213093744605092
2009-06,81,-0.0006547938579155588,-0.008707106023559143,-0.006185357426314691,0.011411994003461767,0.024954002394806326,0.014972401436883795,0.0047233025522403285,0.00015911490747348077,-0.010280095082526763,0.04720770851297877,0.007276691852758367
2009-07,81,0.07460539053645654,0.018651995718576377,0.009052602881375616,-0.019100693865890365,-0.03846934773520249,-0.02308160864112149,0.00693998117576698,-0.018129109900358938,-0.026048059716328655,-0.01753716731557109,0.012851124171838047
2009-08,81,0.03693968719573393,0.003458414320206242,0.0016793425708826143,0.009808389816817642,-0.008596137085756465,-0.005157682251453878,0.005321899311336134,-0.008976343988563344,-0.016421722485701173,0.013505177628983922,0.011420103794624636
2009-09,81,0.035458212706896974,0.0015673000677577265,-0.0007827112350751897,0.009804232915735659,-0.0074054958241594054,-0.004443297494495643,0.009250190542902346,-0.008616345687775964,-0.015335531001671756,0.01399433831351559,0.018584558755052542
2009-10,81,-0.01922594837950542,-0.00830995184236685,-0.005408230992124257,0.010082472456840482,0.021942312450605565,0.013165387470363337,0.0019922048388657243,0.004671905456219817,-0.005785856528814226,0.026852527113515722,0.002525330077435426
2009-11,81,0.061607035736827465,0.008291781618665542,0.0018016759996530702,-0.0011505293929230536,-0.02422750982623678,-0.014536505895742067,0.01207481899988567,-0.014970509684049074,-0.01827549714529523,-0.0004519948009003165,0.022250963904514337
2009-12,81,0.01910155146363346,-0.0030952116073990664,-0.0036867308566673153,0.008882519336866672,0.0037763703491313443,0.0022658222094788065,0.009820728078915535,-0.0046416770056629305,-0.007467654119831011,0.023717124886510312,0.020333583660535594
2010-01,81,-0.036343145054362314,-0.0077824643278092305,-0.005143088881557093,0.008118894733286251,0.01754636750099576,0.010527820500597454,0.0018144964260091562,0.008831384248210042,0.01029287766384442,0.0043266509487142205,0.002300856292774493
2010-02,81,0.031195706149957037,-0.005946621711077556,-0.005777400406815212,0.009108294133400597,-0.00551482893130367,-0.0033088973587822017,0.00838970770170213,-0.00758055659443956,-0.012908163096023375,0.015202230778027674,0.017742782062574066
2010-03,81,0.060878762847081935,0.016244772624545364,0.009469899022235839,-0.01830295101958681,-0.03262591324634083,-0.019575547947804497,0.010063908012298207,-0.01479353937184091,-0.014036585436699911,-0.01706239750984993,0.01900544710129178
2010-04,81,0.015469964486541254,0.004853337118869171,0.003214817694422165,0.006596159070042975,0.001648589496983442,0.000989153698190065,-0.0018051433516482827,-0.0037592013702295248,-0.009024872555651833,0.014817718197091127,-0.004620418734270738
2010-05,81,-0.07945363731354038,-0.011239108790879915,-0.0068623421018251685,0.008518006623542683,0.01843490956527859,0.011060945739167152,-0.012018700553720443,0.019307233867190313,0.025569390718150058,-0.029255358147615332,-0.025805132161645684
2010-06,81,-0.05174157832485071,-0.012708407590571087,-0.007731550746883203,0.011551639295847904,0.025272006923075976,0.015163204153845585,0.006743566614188668,0.012573203532938722,0.018050897598583047,0.00870815999790985,0.013561957823264314
2010-07,80,0.06830086899766674,0.006675529703678212,0.0001287226888705692,-0.003762965760552373,-0.027934781146498062,-0.016760868687898837,0.009015901803665202,-0.016392208559440017,-0.023256927578759364,0.0017364038876951926,0.020997074589888323
2010-08,82,-0.044981236688190984,-0.007869650192813701,-0.00520469752866866,0.009398259008665198,0.02039524466928504,0.012237146801571024,0.006154553869561411,0.01106538422529498,0.02024205579913323,0.0022110058040204113,0.010614238288889757
2010-09,82,0.08955595619489287,0.027191338407050833,0.017635643372775085,-0.026481776061550413,-0.04863776625768702,-0.02918265975461221,0.012526884260661147,-0.022030765223943642,-0.019345034413967753,-0.02746610094639576,0.021427316010488417
2010-10,82,0.03820174914393615,0.0034502083372701287,0.0008646514395300045,0.0049429078772749,-0.011924386792287136,-0.007154632075372281,0.01146640728621364,-0.009397630289408291,-0.014316605248862548,0.006482463549908837,0.021938617408882748
2010-11,83,0.0,-0.002984967709987309,-0.00299037987498014,0.00849169886783227,0.018362971721737557,0.011017783033042534,0.0033831571073973687,-0.0,-0.0025211570565419118,0.03668760738560094,0.00672797815692055
2010-12,83,0.06685145549141325,0.015342297116731433,0.008924989207584387,-0.019337789013347893,-0.03613658284587501,-0.021681949707525003,0.015075654759025671,-0.016646012417361897,-0.010987420686174854,-0.015760968085742413,0.031176799066185954
2011-01,84,0.02330052130477056,0.00015481457775487096,-0.00039216423057313515,0.007060802602042954,-0.004383045133951246,-0.0026298270803707478,0.003811897417297584,-0.005871731368802181,-0.0122584857364551,0.009681207423508033,0.006498654629998425
2011-02,84,0.03473697465828662,-0.000490729129003401,-0.0011597131350958565,2.7482950196957567e-05,-0.01340769687956159,-0.008044618127736955,0.003937990716088601,-0.00875371761388823,-0.013744614341656176,0.0019271881503302233,0.007439504628669846
2011-03,84,0.00011971912508057514,-0.005627133013121375,-0.004260721864325135,0.007201648220278027,0.015399212201704685,0.009239527321022812,0.0010863422665072012,-3.0169219520304934e-05,-0.007093692011089868,0.02953136115082067,0.000805057215358017
2011-04,84,0.0289616351081301,0.008954960545263908,0.005671613229297104,0.0032071204314395607,-0.009429365264444833,-0.0056576191586669,0.005053431436162954,-0.007298332047248786,-0.013253498627103092,0.0044408976025667336,0.009078717512953022
2011-05,84,-0.011213398776073413,-0.004231584948012154,-0.003524587147558775,0.006164164587884895,0.013220397404011727,0.007932238442407036,0.002686757212700844,0.0028257764915705003,-0.0031281000348968146,0.014810057365017844,0.003162031954297744
2011-06,84,-0.016870342424195273,-0.006553833454080209,-0.0042126214820636596,0.006164164587884895,0.013220397404011727,0.007932238442407036,-0.0015228190700145561,0.004251326290897209,-0.0014492440224736,0.01153254634799811,-0.0037827989637304257
2011-07,84,-0.02000431221206589,-0.004176645009143734,-0.002113947142086767,0.006230605291081443,0.01336588967184751,0.008019533803108507,-0.00198839432708907,0.005041086677440604,0.0059422315836739695,0.009588675127276177,-0.00431627061246164
2011-08,84,-0.05497569778050493,-0.010899311496164476,-0.006884811673201536,0.01014579643013565,0.022056627803905108,0.013233976682343065,-0.008651940193968055,0.013853875840687242,0.011649695025792581,-0.0016395532088289487,-0.016877103068951137
2011-09,84,-0.06942137992680353,-0.013872248500623338,-0.008351642557627215,0.012553052515725563,0.027517437590008267,0.01651046255400496,-0.00018429020592532439,0.01749418774155449,0.026992553306092435,-0.004132638596468371,-0.0012221350498205943
2011-10,84,0.10914780956140735,0.016099275300069167,0.002733451676755305,-0.019012635070326477,-0.054360543589441944,-0.03261632615366517,0.010747028850803371,-0.027505248009474653,-0.03383818116280246,-0.016222170447421327,0.02230881440148715
2011-11,84,-0.004063168982097021,-0.010151844258600487,-0.006873863356710765,0.011420702929051308,0.024937374707053664,0.0149624248242322,-0.004238674736282553,0.0010239185834884491,-0.011366760313661356,0.046665376644115936,-0.008273660297595006
2011-12,84,0.010448179853723483,-0.005207930815703483,-0.00405298506963453,0.010979835397404903,0.015161856724120213,0.009097114034472128,0.005305618033744981,-0.0026329413231383175,-0.01255577784214489,0.0382563293719206,0.009767380914042409
2012-01,84,0.046373855279107756,0.02422632755012839,0.015968307221530195,-0.0008139314431426459,-0.018575421452918132,-0.01114525287175088,0.012609329879101426,-0.011686211530335154,-0.012192468553222625,0.0007944491382861352,0.024209913367874737
2012-02,84,0.04340580571689112,0.005038979763902896,0.002032968057102964,-0.006732911703788082,-0.020417929402162575,-0.012250757641297546,0.008196064421415926,-0.010938263040656563,-0.011754713957445102,-0.00407429798194265,0.01669281286302581
2012-03,84,0.03216322502391944,0.007117040013151591,0.003971094952482206,-0.0022904275870143497,-0.013593022441110504,-0.008155813464666303,0.002997140717417185,-0.008105132706027699,-0.013614295773982186,0.002013448155408111,0.008176665452371158
2012-04,84,-0.006675790338032006,-0.004724445441014798,-0.0033250987733659866,0.005809309238769897,0.012444438642220869,0.007466663185332522,-0.000543171133253602,0.0016822991651840656,-0.0023853625760045156,0.019543099482599264,-0.0008244561844027916
2012-05,84,-0.06005512830051074,-0.008085160098302794,-0.004852357758618629,0.006858100697767315,0.014743216474026283,0.00884592988441577,0.0002327876285372557,0.015133892331728706,0.033237557116859315,-0.02151274544215244,-8.729536070147257e-05
2012-06,84,0.040581463410820584,0.0016067302328964673,-0.0008925038205408875,0.0038426632412033278,-0.013816506613303149,-0.00828990396798189,0.0011736376272086684,-0.010226528779526787,-0.01715663893782924,0.007114980986005211,0.003006840201939563
2012-07,85,0.011828585058570207,-0.0009211420934375042,-0.0017294352990709012,0.0071894126631390195,0.005414071112343777,0.0032484426674062664,1.962990915244511e-05,-0.0030162891899354026,-0.011172429122120818,0.019115747700751976,-0.0017274320054153608
2012-08,85,0.025053040723024278,-0.00035086935555004195,-0.00243768613829199,0.00818391556201051,-0.003628166377368091,-0.002176899826420855,0.011130158489437604,-0.006388525384371191,-0.005660606120089656,0.012183725444928184,0.020405290563968937
2012-09,85,0.025350666565260527,0.002434904988795229,0.00017319149994601046,0.00668994325677717,-0.006275997259867464,-0.0037655983559204786,0.005329520334889436,-0.006464419974141434,-0.013296298236646438,0.008878292605821824,0.010541261214864187
2012-10,85,-0.018198322776734388,-0.0012786710676504754,-0.00029393063039630544,0.00620167825368379,0.01329926345078303,0.007979558070469817,0.00099131041219859,0.004640572308067269,-0.005054805012686955,0.010040492583381007,0.0008931608664363562
2012-11,85,0.00565989541829981,-0.0021110121105025947,-0.0027421894917865684,0.007180503151645417,0.010637827397421166,0.0063826964384527006,0.0026892975538852773,-0.0014432733316664514,-0.010539740568731231,0.028000482042760788,0.007292511250134166
2012-12,85,0.008934392582039319,-0.00031160829079888595,-0.0008506087640218942,0.0068415464252287225,0.007108568260449591,0.004265140956269755,0.0011189048216894968,-0.002278270108420026,-0.00916954634463315,0.02099672898580604,0.0014231684135524287
2013-01,85,0.05119040970942468,0.020421585218524777,0.013478266685773455,-0.013014953974723397,-0.027061984383260154,-0.016237190629956093,0.01143442208130054,-0.013053554475903293,-0.015453571217872126,-0.011819359926384842,0.021661604749725567
2013-02,86,0.012759182757943188,-0.0027542445785972785,-0.0027499281253124275,0.005856663807916321,0.0015692291359366115,0.000941537481561967,-0.0013108160511681253,-0.0032918691515493427,-0.01291519889973597,0.01327719977477919,-0.0034557877712614237
2013-03,87,0.03797099470284482,0.010813853395127726,0.006798094992438607,-0.008738886090946064,-0.019824413882147163,-0.011894648329288299,0.004902396605742951,-0.009910429617442498,-0.013037181639284565,-0.007156540685749911,0.009262314898555328
2013-04,87,0.019212658808656302,0.006240178003455953,0.004677425025411842,0.003644165389559336,-0.005594207748454248,-0.003356524649072549,-0.004852167132323453,-0.005014503949059295,-0.017804702666569604,0.0052151749314216,-0.01001575699984779
2013-05,87,0.023608958764403942,0.010632682608895216,0.007544409252957993,0.0015940148199036935,-0.008474674609668144,-0.005084804765800887,0.0010749107311772454,-0.006161938237509429,-0.00599246587029196,0.0029274158565577727,0.0014867924132171222
2013-06,87,-0.013344108063055304,-0.008957521050191118,-0.005678400048593271,0.007148696850029815,0.015370218866366218,0.009222131319819731,-0.0025516572497104708,0.0034828122044574346,-0.0064468212761154674,0.017815051514283486,-0.006419326703011774
2013-07,87,0.051677071489745874,0.01959910868583209,0.011522593307829425,-0.01611426278865626,-0.029357777751983002,-0.0176146666511898,0.011110759520392834,-0.013487715658823674,-0.015751298797837508,-0.013846916360042196,0.02213110598863057
2013-08,87,-0.02999261966370581,-0.006210367287307921,-0.0042084996623153155,0.005832689312046674,0.012487047092087063,0.007492228255252239,0.0014767465185332239,0.007828073732227218,0.012953920037547443,-0.001933202392645784,0.0021397755676705894
2013-09,87,0.031646468905837555,0.003968440434359264,0.0018042295347932519,0.00356614754134527,-0.01075578382596653,-0.0064534702955799175,0.00839836795573997,-0.008259728384423601,-0.015600106445880486,0.0038409011497394234,0.01461677676507375
2013-10,87,0.046307136039476005,0.010351590743069745,0.0051025967010939165,-0.012114371404039792,-0.025037540224184703,-0.015022524134510822,0.006077766283759189,-0.012086162506303238,-0.018105279646904764,-0.01058149777405334,0.011361906887490315
2013-11,87,0.029637230895528832,0.006384573998307152,0.002988765045346746,-0.004670945829976553,-0.014261749676677371,-0.008557049806006422,0.005193727551576036,-0.007735317263733025,-0.010232343508857086,-0.0032916326818591265,0.009834930895537601
2013-12,87,0.025926216133364655,0.0033453047977768102,0.0015569839314488645,-0.0009702731766633566,-0.010782019466497048,-0.00646921167989823,0.00316445682542834,-0.006766742410808175,-0.010791658489557538,-0.00017355468029918984,0.005163589867524337
2014-01,87,-0.035248134485849736,-0.005563845417220297,-0.0040727006925935045,0.005551518338028267,0.011874247516369195,0.007124548509821518,-0.0028530340902274557,0.009199763100806781,0.01139065235395336,-0.007570365124404348,-0.006359051334908378
2014-02,87,0.04551578257312827,0.0066370929123643705,0.0024362704675950433,-0.010157916857721615,-0.023686033659324805,-0.014211620195594885,0.009181947741084131,-0.01187961925158648,-0.014460547873164744,-0.00824549353017129,0.017891738432024986
2014-03,87,0.008295312872580007,-0.0027786804736875032,-0.002575778960901759,0.005975382390807246,0.005581547628143342,0.0033489285768860057,0.0026119326178138677,-0.002165076659743382,-0.0037258256470163336,0.01589868146850812,0.002742529248704562
2014-04,86,0.006951736386045848,-0.0036804894251999086,-0.003472406261698281,0.005364522986581934,0.005491147155721677,0.0032946882934330062,0.002452814883625206,-0.001793547987599829,-0.0042868343821627995,0.01759633477976672,0.005541176943574351
2014-05,87,0.023206338386134506,0.0013038237820888316,-0.00043412415674860675,0.00150939917775387,-0.008355450458303425,-0.005013270274982055,0.003254869877583434,-0.006056854318781106,-0.01143604697671222,0.0022731061172622355,0.005304232393098931
2014-06,87,0.020644935245616614,0.0027929591347115234,0.0013681614445810331,0.00012447289150829656,-0.008055841505361558,-0.004833504903216935,0.003676797454307212,-0.0053883280991059365,-0.009273030095926935,0.0014174371815556584,0.006921621437206746
2014-07,87,-0.013437495693311208,-0.004770240628498174,-0.003248105696900645,0.004565675285229769,0.009734471948698606,0.005840683169219163,-0.0021297296729866923,0.0035071863759542255,0.00025380021474715115,0.0069846969641884004,-0.005053085026001444
2014-08,87,0.039463382824212134,0.005648092773010101,0.0021191036251268372,-0.007749655790118675,-0.019917284185668793,-0.011950370511401277,0.009533554055020613,-0.010299942917119368,-0.010052132691904461,-0.005139773105652645,0.019428760318661607
2014-09,87,-0.013795513159614692,-0.0030988453782667203,-0.0018533610662248756,0.004630666443383632,0.009875114474273196,0.005925068684563918,-0.0010146353630738482,0.0036006289346594347,0.0003024861111855854,0.007326204922957835,-0.0024511983028714726
2014-10,86,0.023550143390710154,0.006973134318592773,0.004709016842504654,0.004666585419694742,-0.006717954545236822,-0.004030772727142093,-0.0014994941191392962,-0.00607593699480322,-0.015543849019688296,0.0072541529092597975,-0.0025620495545558824
2014-11,87,0.027472464297839005,0.011741892632794335,0.007988032674179586,-0.0019374637831362834,-0.011926337475911746,-0.007155802485547048,0.008137174693958586,-0.007170313181735981,-0.003628660477477583,0.00039997530123292945,0.016625955701853653
2014-12,87,-0.002536679370677364,-0.0040219045351725016,-0.0027385467272477526,0.005440752502792877,0.011633146043955607,0.006979887626373364,-0.006328913650856676,0.000662073315746792,-0.010168171594771916,0.019763460621198874,-0.013953747715936386
2015-01,87,-0.02962950716292445,-0.0040289365607523555,-0.0026526038302292663,0.007217167214953591,0.015520907286624709,0.009312544371974827,0.0002511473670974874,0.007733301369523282,0.00690941270165639,0.004862307554149161,0.00010045894683899496
2015-02,86,0.056204750876535314,0.014046601750436682,0.006635631463316991,-0.013239521950650335,-0.029498070230593584,-0.017698842138356152,0.011807274885143196,-0.014500825726146112,-0.014035653758991334,-0.011166506363499943,0.023108098114153253
2015-03,87,-0.015705430849381474,-0.007702846930067246,-0.004884435161717896,0.0056483730054459,0.012085211304731083,0.00725112678283865,-0.00257174903907827,0.004099117451688565,-0.0019990539305470207,0.008979721778547563,-0.006670474070109261
2015-04,86,0.009833726268767995,0.0029354027621457594,0.0021554064324882448,0.006329072767589468,0.00511788587815368,0.003070731526892208,0.004409108535747332,-0.0025371013773421427,-0.005159563602315964,0.01933825394840184,0.009463694672448666
2015-05,87,0.012855668173063384,-0.004365585714691761,-0.0032594506878779045,0.0065035705519545664,0.0027693164053712443,0.0016615898432227468,0.004982763763214147,-0.003355329393169543,-0.009181762958184812,0.01512576686656762,0.008368230271688277
2015-06,86,-0.02031200196396088,-0.00650929474245304,-0.004289437264197711,0.0059294380265874,0.012701013101848738,0.007620607861109243,0.0006355471763239389,0.005240496506701907,0.003055587905451898,0.00672219270982361,5.9582547780368326e-05
2015-07,87,0.022589448327505757,0.007041473493060384,0.0041871312132467815,0.007545397689971307,-0.003408608341064535,-0.002045165004638721,0.005957215547552397,-0.005895846013479002,-0.010612631434803796,0.012333308628605964,0.01141213636090982
2015-08,87,-0.060949912233451586,-0.008985733433092802,-0.005285474747292176,0.005089466910050174,0.010869658047979248,0.006521794828787549,-0.021518306412912705,0.015907927092930863,0.015646341709451738,-0.03163871386108087,-0.043388219139761895
2015-09,87,-0.025516373837869866,-0.012679325279122175,-0.0076653022592414214,0.01042774491500078,0.022663538406877244,0.013598123044126349,0.004329780608760679,0.006659773571684035,-0.001050199132958206,0.023971686728255264,0.009503416370968918
2015-10,87,0.08505969977827932,0.02659403922435993,0.012928659912268037,-0.03489320532871103,-0.05309643196990817,-0.031857859181944906,0.008518918691946762,-0.022200581642130904,-0.022361724214772862,-0.030653903246076714,0.018574859270530153
2015-11,87,0.0036553311514866405,-0.007948783431907622,-0.005329009925533745,0.005924764549868837,0.009507826883971676,0.005704696130383006,-0.0007534421012924623,-0.0009540414305380132,-0.009888129179908415,0.0227985455507707,-0.0009041305215509547
2015-12,87,-0.017282678287804276,-0.008327405648910576,-0.005487251717803414,0.006915667594214141,0.014857878237487345,0.008914726942492407,-0.002692299775285062,0.004510779033116917,-0.0018031393551817237,0.012961978373638154,-0.007102447541516937
2016-01,90,-0.04978637900010785,-0.007537351511683975,-0.004739637986364163,0.007499078832838824,0.016128857120081386,0.009677314272048832,-0.009706412725615987,0.01344232233002912,0.01566821102219101,-0.012186296190344835,-0.019049094781642514
2016-02,90,-0.0008255955490271694,-0.00850029597897626,-0.0056366379852057944,0.008473111570062341,0.018280064223081934,0.01096803853384916,-0.0008209920827876468,0.00022291079823733573,-0.00848090850582403,0.03659651531544541,-0.0008625613021692982
2016-03,90,0.06726576408880303,0.01597846815711558,0.006934114277236958,-0.022111922363439097,-0.039952031781159046,-0.02397121906869543,0.013478819384501002,-0.018161756303976817,-0.016699860198285198,-0.021910990569521623,0.02441152408187576
2016-04,90,0.003940651917139437,-0.0017667365853852722,-0.003001210266893104,0.006081448795910205,0.009474971245877326,0.005684982747526396,0.004208883462392371,-0.0010639760176276482,-0.007006916458364898,0.021987306279754894,0.007908543987359492
2016-05,90,0.017011998013900298,-0.004620694985819561,-0.004266941919766493,0.006822665885294082,-0.0006680406853229809,-0.0004008244111937886,0.003689268220121709,-0.004593239463753081,-0.011672468861878322,0.013590201562584019,0.0069940211609631295
2016-06,90,0.0034761666101963407,0.0023876969735423447,0.0020426240551453738,0.006067160616375228,0.009861831107589872,0.005917098664553924,-0.011047020050674298,-0.000938564984753012,-0.0053648006707182165,0.022062396996105044,-0.022883855269600004
2016-07,89,0.0364710647829527,0.006865673901306204,0.0029644935428042997,-0.009313151318255804,-0.019849571367564964,-0.01190974282053898,0.007430151554308969,-0.009737774297048371,-0.01193640748248357,-0.005760030868315174,0.016340167318604784
2016-08,90,0.0011973704465775281,-0.0018152531907345577,-0.0015188172947698303,0.005173986337523723,0.009969386648754524,0.005981631989252715,0.006173029078175479,-0.0003232900205759326,0.0026424053436091745,0.0196654070695251,0.010995058526447232
2016-09,90,5.847050893725836e-05,-0.004031101728412426,-0.002696543268593843,0.0056570187352850635,0.012044019382017507,0.007226411629210504,-0.0016004149461936424,-1.5787037413059758e-05,-0.005080563141731662,0.022914370250319786,-0.004427121864146047
2016-10,90,-0.017337657732570566,-0.005835205834722195,-0.004012703400049031,0.005628364658061597,0.012034289010988559,0.007220573406593136,0.006962844246426887,0.004681167587794053,0.005685782288610835,0.008204878441528276,0.013665880871718442
2016-11,90,0.036838483731799876,0.021017085117959036,0.01668699212188044,-0.0036331017620436614,-0.017181662811219703,-0.010308997686731823,0.009446605104480657,-0.009946390607585967,-0.0022786687617371766,-0.002102428480525055,0.017999471992255774
2016-12,90,0.02027167401243868,-0.0024483054828717816,-0.0029430124849799833,0.004104902943898209,-0.006054333027525053,-0.003632599816515032,0.004925952496725887,-0.005473351983358444,-0.007984996425287506,0.0048471947553134645,0.008563259192620529
2017-01,91,0.017894611306086494,6.169528994367013e-05,-0.0016286014989418177,0.005748841736360332,-0.003989999656414819,-0.0023939997938488915,0.005148809700633082,-0.004885228886561613,-0.008428240986641706,0.008493236923895595,0.010486759349452687
2017-02,91,0.03929194882908993,0.010940012681263662,0.0067363261008351995,-0.0166229126966344,-0.0252794218599184,-0.015167653115951042,0.005663690670696392,-0.010726702030341552,-0.01086822250156551,-0.015717346701599817,0.01041320492515793
2017-03,91,0.0012499101580920602,-0.005082580087629673,-0.003987073318308527,0.005391214129298762,0.010379103045715527,0.006227461827429317,0.003288933543465623,-0.00034122547315913244,-0.002574805416410344,0.020750276871276452,0.005432519622912865
2017-04,91,0.009925831598148305,-0.0014995145436242374,-0.0019044188504948002,0.005100661608794272,0.0018535480413092754,0.0011121288247855654,0.0018913994818652129,-0.0027097520262944876,-0.008419579824731797,0.011625778697612879,0.0026689748244097997
2017-05,91,0.014112935616212186,0.007518689623864288,0.005184426715855501,0.003825758072084116,-0.0036904994735053025,-0.0022142996841031815,-0.001250425213010891,-0.003852831423225927,-0.0061873991114040315,0.004505564947910628,-0.0034570579418536397
2017-06,91,0.006375230309995539,0.0031940720162654712,0.0023948096924069607,0.00436711403625984,0.003497921203741361,0.002098752722244817,0.0007040209182498294,-0.0017404378746287822,-0.001964160022114822,0.011105550230799224,-0.0002837099222797829
2017-07,91,0.02055389817119546,0.003322650469700816,0.0012416594144807353,-0.0010592762909876342,-0.009026386653577525,-0.0054158319921465145,0.005180333025330837,-0.005611214200736361,-0.011404132058596566,-0.00011579353901251714,0.009593598483016335
2017-08,91,0.002918066961760779,-0.00353611300958105,-0.00273012753171338,0.0038794828077414515,0.005593162360709875,0.003355897416425925,-0.0023852649021300198,-0.0007966322805606928,-0.0037983258220573675,0.013516024634745268,-0.005096270826136828
2017-09,91,0.020148922971953365,0.010174343455865754,0.006912180106857361,-0.0019594462417888638,-0.009340864590718544,-0.005604518754431126,0.003814322288428183,-0.005500655971343269,-0.007250333998660391,-0.001460033416280152,0.0065148204375357404
2017-10,91,0.023564282796977087,0.011428135032256875,0.007542147445950017,-0.007264429668671709,-0.013636220595105518,-0.008181732357063312,0.0020280005555554786,-0.006433049203574745,-0.0072951463056576,-0.006638042512204226,0.003246902443868617
2017-11,91,0.030566136097257557,0.006673411595269732,0.00421099439366343,-0.012704201800079938,-0.019503533903196688,-0.011702120341918015,0.000136601073690265,-0.008344555154551314,-0.015308324143716417,-0.01167524160325455,-0.00021015549798502397
2017-12,91,0.012128356855375833,-0.0020265953451828723,-0.001969064433205577,0.004342767331685915,-0.0017899628270509611,-0.0010739776962305767,0.0032258868940701155,-0.0033110414215176023,-0.004133313352644333,0.008024298928849649,0.007019193632699794
2018-01,93,0.05635837470094862,0.028973993424809844,0.021824894223829366,-0.03952523476934223,-0.04530425913729652,-0.027182555482377916,-0.0037585502524244644,-0.015723986541564667,-0.01903917102789089,-0.03609044166135312,-0.005412312363491228
2018-02,93,-0.03636030738681917,-0.010498156039857584,-0.006974263579058299,0.00613153365154807,0.013122709738464845,0.007873625843078907,-0.004456566727874723,0.010144525760922549,0.01511317403899925,-0.008579105603463286,-0.009922572666400589
2018-03,94,-0.027410348986241284,-0.011094502407615035,-0.0068853629520969324,0.007723879355204627,0.016606903142970395,0.009964141885782237,-0.006577636146823567,0.007729718414120041,-0.003354220759488199,0.005841658849880774,-0.014761691682640346
2018-04,94,0.005168318269516803,-0.008088838616106325,-0.005609052128340301,0.008442537748921732,0.013333394988496288,0.008000036993097773,0.005188300459045655,-0.0014574657520037382,-0.0051133083888405826,0.03200259329301203,0.010854185060764965
2018-05,94,0.02430869383876466,0.003496971622288298,0.0012218088408002137,0.003400547955351094,-0.008576918853532851,-0.00514615131211971,0.0031802762228041333,-0.006855051662531634,-0.010490857390661166,0.006065376793439077,0.006729594737674271
2018-06,94,0.00575097682650183,-0.0031334516388672813,-0.0030067382556573717,0.005873525742288204,0.007152373898393343,0.004291424339036006,0.0038857982517538567,-0.001621775465073516,-0.004076400765714844,0.018874893764019504,0.006935824253828813
2018-07,94,0.037046142082487465,0.004730892921639191,0.0008689856596055523,-0.008921752094540075,-0.020734641348665293,-0.012440784809199175,0.005741863897144665,-0.010447012067261464,-0.01796166619876565,-0.007904994606841102,0.010224642327240593
2018-08,94,0.03192062666043638,0.006050994398473834,0.0033652767150178127,-0.008882597348779395,-0.018456536156156274,-0.011073921693693764,0.0035493185148701436,-0.009001616718243058,-0.007975315155032291,-0.008839728192318512,0.005166592088924123
2018-09,94,0.005945455786425358,0.0001136703393251981,-0.0008668667538015811,0.00498820407586238,0.00504837292030983,0.003029023752185898,0.004352528209366751,-0.0016766185317719506,-0.006623727091494603,0.014079054890866277,0.007098637029740286
2018-10,94,-0.06910425210112048,-0.005864093653751368,-0.003751740300267732,0.004702096201193938,0.01001841281108606,0.006011047686651636,-0.015640880672562314,0.019487399092515973,0.026756446627826107,-0.04569181849219544,-0.03205240848443894
2018-11,94,0.018549061551430546,0.002643404925198935,-0.0008839086675745042,0.009451218692338266,0.0029914584260149514,0.0017948750556089708,-0.0011613978015018497,-0.005230835357503414,-0.017864530600115655,0.022659241756121065,-0.0030825885572572475
2018-12,94,-0.08804875854623961,-0.012150249776070564,-0.007230647617060768,0.008967238360298266,0.019353011963343925,0.011611807178006356,-0.015043900494220242,0.02482974991003957,0.040710664821700784,-0.046708230261604027,-0.03273622214326714
2019-01,95,0.08006609287528677,0.020595606777067038,0.010121169259627147,-0.0309034116448785,-0.05198439525496908,-0.031190637152981447,0.00885251167748453,-0.022818836469456726,-0.024462110851717647,-0.02680903676695546,0.018801988866429344
2019-02,95,0.03241546058176037,0.004338024623389008,0.0015301615746459215,-0.0009311500256697163,-0.014614446258633092,-0.008768667755179855,0.0075910013393051985,-0.009238406265801705,-0.012800084912322748,0.00010683090516398728,0.01372303854836821
2019-03,95,0.018100488210133436,0.0003556815237598404,-0.0013244975343937055,0.006187900992662703,-0.003955090076301076,-0.0023730540457806456,-0.0005594524108447466,-0.005158639139888029,-0.011672007005904988,0.008736800891294466,-0.0016673875774196381
2019-04,95,0.04085230890273195,0.014039950036126493,0.009770445225863086,-0.01406182179676303,-0.0253279873217484,-0.015196792393049038,0.007601970994419802,-0.011642908037278604,-0.014751924649016354,-0.012701914284840472,0.014348308889900576
2019-05,95,-0.06377073590550375,-0.009837388523003785,-0.005901910501788701,0.0056988875414237,0.012176317177209206,0.0073057903063255235,-0.005605493763562079,0.018174659733068567,0.03721611729677727,-0.037534953714447886,-0.0125163764857619
2019-06,95,0.06958613505834466,0.023418327491031895,0.01154313660014928,-0.02899601890965317,-0.04615302565196477,-0.027691815391178858,0.01123292683735336,-0.019832048491628226,-0.019719383161979485,-0.026857402305378284,0.021807674367830543
2019-07,95,0.015119471449440258,-0.003698259737964147,-0.0037915496959028765,0.007326747141814121,0.001366987557372297,0.0008201925344233781,0.006143006864177617,-0.004309049363090473,-0.011918669820470735,0.014881602658563059,0.010070143395205452
2019-08,95,-0.016743230399721587,-0.001179415826575616,-0.001981741373869993,0.006871135699590616,0.01473224681891168,0.008839348091347008,-0.009861719948027998,0.0047718206639206515,-0.0009260033021221279,0.01369006061946309,-0.019591804034680756
2019-09,95,0.019457759831007282,-0.004193128001842988,-0.004012064181763679,0.00834858850713048,-0.0005056071066227806,-0.00030336426397366837,0.010300506152612113,-0.005545461551837075,-0.006695093545012422,0.016980023146054225,0.020107377825067097
2019-10,95,0.022104391718645644,-0.0012194735808573848,-0.002524850440880697,0.007696330048824229,-0.004456932219892207,-0.002674159331935324,0.009357115812756263,-0.006299751639814008,-0.013756470952215927,0.010933493905895642,0.01756241783847922
2019-11,95,0.036198775180647846,0.006619219443732691,0.003092722966040985,-0.01248659446577841,-0.0224209426915837,-0.013452565614950219,0.005835856520968737,-0.010316650926484636,-0.012109425210550645,-0.010453048961551947,0.011671713041937475
2019-12,95,0.02905498681748231,0.0021025964627310006,6.020867473321701e-06,-0.005144598035648954,-0.01533816305848216,-0.009202897835089296,0.005857795831197942,-0.008280671242982457,-0.011471621821024892,-0.004785354838234187,0.010004325464517834
2020-01,94,-0.00040354711421108913,0.002012468765918915,0.0008304619743538708,0.006132726992688629,0.013122709738464841,0.007873625843078904,-0.0014001898728386811,0.00011380028620752712,0.0008879314444628177,0.024444186946611046,-0.004222277988637573
2020-02,94,-0.07916579355684272,-0.007809174161039946,-0.004278474966353543,0.008526013481373409,0.018376135307875085,0.01102568118472505,-0.010083537921450648,0.022324753783029647,0.037020990870775795,-0.03875984801881925,-0.021263348534038558
2020-03,94,-0.12487146305300578,-0.021788769147486783,-0.013080183602372855,0.019334856108188872,0.04309111469123691,0.025854668814742146,-0.06507083943928596,0.035213752580947624,-0.026544957286440178,-0.035484348986353775,-0.13442908197757408
2020-04,94,0.12698385765346787,0.0027334152412095496,-0.006996444888898496,-0.024030861082449145,-0.07107455685891648,-0.04264473411534988,0.014794254237822648,-0.035809447858277936,-0.04913200262807974,-0.020656867251663213,0.03171592874755522
2020-05,94,0.047645359713394564,-0.0020958880277182302,-0.00473190314653117,0.00962678619585232,-0.016066464459806796,-0.009639878675884077,0.004797549796858116,-0.013435991439177265,-0.03748968622922271,0.01663719512827805,0.01357858551101698
2020-06,94,0.017734114745758367,-0.009607036838875382,-0.006331753092556064,0.011864258792143756,0.009162892583607751,0.005497735550164651,-0.01087589343088649,-0.005001020358303859,-0.026655468485942503,0.03231486931821941,-0.02443277057178193
2020-07,94,0.05889230612815477,-0.000511984670015963,-0.0010991608582866738,-0.007417440590560174,-0.029883995422850106,-0.017930397253710064,0.011679103125383098,-0.016607630328139642,-0.01805141403434443,-0.002368636293810929,0.025398793042190008
2020-08,94,0.06979650077345712,0.014605473351448364,0.007781116160961982,-0.025537030018512707,-0.04413913267685658,-0.026483479606113948,0.012471458634818945,-0.019682613218114906,-0.017341688719409585,-0.023581306171767742,0.02403116572453363
2020-09,94,-0.03744332906600323,-0.01462937204117297,-0.00875661191904973,0.009816920303032509,0.021241640163917035,0.012744984098350221,0.0008466264347396703,0.01055901879661291,0.00017229315268200057,0.006798112678056611,0.0012048145417449167
2020-10,94,-0.02493391286048441,-0.012946839651906697,-0.008455787619586127,0.011112207704937385,0.024139707575141278,0.014483824545084767,0.0026701295249481794,0.007031363426656602,0.008646448514935205,0.026534789930906553,0.007033511919375699
2020-11,94,0.10877703737177957,0.043549980902381075,0.027702193369392013,-0.03175777122690076,-0.06565010310457334,-0.039390061862744,0.02075320183618261,-0.030675124538841837,-0.02719878810014318,-0.03055852280312022,0.039997671948918886
2020-12,94,0.03704860516345265,0.0005383231118609122,-0.0017561735679149648,0.001831470702971092,-0.015114488783296317,-0.00906869326997779,0.010550267879063546,-0.010447706656093647,-0.013961720815853096,0.0019265817621046764,0.01843040623317891
2021-01,94,-0.010190489088611088,-0.010195414562656524,-0.006421512810618637,0.008834995377251293,0.019059948966703277,0.011435969380021964,0.0009768766554688446,0.0028737179229883264,-0.0013829923533119084,0.028236921008410715,0.0016498361292362736
2021-02,94,0.02780546849632537,0.003440484782872672,0.0007423215337939115,0.01292372213848017,0.0020945949565038236,0.001256756973902294,0.014067023838751393,-0.007841142115963753,-0.010237394393093702,0.031976166428789775,0.029783883806739058
2021-03,94,0.04539954408860725,0.005552177584902693,0.0012822729659762713,0.004792940074617066,-0.017439591177012267,-0.01046375470620736,0.012384625154332824,-0.012802671432987243,-0.02231770220795342,0.005006863528649677,0.021979724748049052
2021-04,94,0.052910156345455484,0.0035900750581542617,-0.0002230224352575974,-0.019586023553144427,-0.03341085263333765,-0.02004651158000259,0.005155737903863356,-0.014920664089418445,-0.019563884204811113,-0.01687992878579261,0.010517705323881249
2021-05,94,0.006565982424354022,-0.005887622463752362,-0.00481916750338931,0.00752643834659288,0.010000712261647015,0.006000427356988208,-0.0006403969185851346,-0.001851607043667834,-0.01378250735010629,0.025348529937568677,-0.002105711901788406
2021-06,94,0.022427528509005645,0.003199460125981901,0.0020667761665102433,0.0035078289901361846,-0.00768781243348134,-0.004612687460088804,0.0027461088203735344,-0.006324563039539591,-0.010782516667976782,0.005217813603768203,0.005003779313012649
2021-07,94,0.024412471466121355,0.0013954612590602383,-0.0009157813532307854,0.000721749295856825,-0.01004209714090453,-0.006025258284542718,0.00018452114603300363,-0.006884316953446222,-0.012913204410954312,0.0015935892442355145,-0.0009008973600434922
2021-08,94,0.02975982420063894,-5.521413869067848e-05,-0.0020255768343154855,-0.000509909105830737,-0.013060584475109542,-0.007836350685065725,0.004830112352040408,-0.00839227042458018,-0.010649580939804724,0.0006808138118189044,0.008487972717518203
2021-09,94,-0.04660538664938707,-0.010102075073134001,-0.006174101788527531,0.005983237188742893,0.012797084186641891,0.007678250511985134,-0.0039183608069361525,0.013142719035127152,0.02529533944627845,-0.019408855433824205,-0.00903068197055645
2021-10,94,0.07016344038764677,0.02502035527296901,0.01749417519943801,-0.023655719471476423,-0.04334436648281454,-0.026006619889688724,0.012395479339393587,-0.019786090189316388,-0.014954125031341905,-0.022645435571935754,0.022880622108092545
2021-11,94,-0.008034686602523156,0.0036315563847238797,0.005258127420625872,0.006167588584443618,0.013198689033890196,0.007919213420334118,-0.003516755959687848,0.00226578162191153,0.007522577576682235,0.01863854314525409,-0.007239741435530228
2021-12,94,0.046247662445926485,0.01614253809651643,0.009575819341760923,0.0041246126933590765,-0.018171697322527765,-0.010903018393516659,0.007912700909297654,-0.013041840809751267,-0.01855577210800605,0.0018325657444620605,0.010528559508942012
2022-01,97,-0.0527412005467125,-0.007345601753207584,-0.00510630193660056,0.0067852764027858115,0.014538372598517802,0.008723023559110681,-0.009106083915712613,0.015347689359093336,0.028297735352301037,-0.022698252070500843,-0.018828200568650557
2022-02,97,-0.0295168872429048,-0.011384978235811258,-0.007097704332683624,0.010090013340512113,0.021829960088221263,0.013097976052932756,-0.005208276778359615,0.008589414187685296,0.010520009649895223,0.016540619905832506,-0.0089044732017116
2022-03,97,0.03759029359280586,-0.0015692114542319201,-0.0023906243984970622,0.012708794438138235,-0.008752312205104081,-0.005251387323062449,0.006193929157920139,-0.010938775435506504,-0.01509913085946308,0.018554738946811485,0.011984636887838242
2022-04,97,-0.08776918355396368,-0.013995928532849129,-0.008686897460418447,0.009046161142361096,0.019511436877209565,0.01170686212632574,-0.012869483910398272,0.025540832414203428,0.039772082248792875,-0.046169237269037024,-0.025794970796907936
2022-05,97,0.002257542349220598,-0.013008445677420141,-0.009830767237064235,0.014750206860973333,0.0301687035184193,0.018101222111051578,-0.00017920952355645874,-0.000656944823623194,-0.024516721384366467,0.06094793918924128,-0.00193770297345422
2022-06,97,-0.08246046431950171,-0.017125669491657364,-0.010095046004446216,0.01219326615712131,0.02654541067680061,0.015927246406080366,-0.009699715462493388,0.023995995116974998,0.03593764741764837,-0.025854173680643515,-0.01835777556931486
2022-07,98,0.09208733650896184,0.02020844561876881,0.004182664473179508,-0.037116019274262786,-0.062102535437080456,-0.03726152126224827,0.003892726454984134,-0.02707367693363478,-0.03184812298530384,-0.031096516580520796,0.010648417424825777
2022-08,98,-0.04080208252313666,-0.015345565856727788,-0.009157861796820597,0.009761768065534323,0.021093145674681464,0.012655887404808877,-0.003032705493999265,0.011995812261802179,0.012748043613106877,0.0024492039127635714,-0.0058164575519239654
2022-09,98,-0.09244581059049828,-0.015314676981523747,-0.009037300099741949,0.012509464326396439,0.027249085184888926,0.016349451110933357,-0.00032816589300738484,0.027179068313606492,0.059589068898014574,-0.03700400923099978,-0.0015616170081040972
2022-10,98,0.08127527633493692,0.028884740964626426,0.01629479957618164,-0.016059793093611555,-0.04631264250479848,-0.027787585502879086,0.004413265457685503,-0.023894931242471454,-0.03296481204953091,-0.01577058232455961,0.006031462792170184
2022-11,98,0.05559178061196812,0.01877306625066717,0.008371453706091464,-0.002499485033924075,-0.026914009987108564,-0.01614840599226514,0.0061785716407596995,-0.016343983499918627,-0.02774913389407185,0.00067455715606386,0.012379775412071631
2022-12,98,-0.05762825712912778,-0.014360196178129931,-0.008639313065522992,0.010366634085960608,0.022439757442539343,0.013463854465523607,0.0003055337624551477,0.016942707595963568,0.024084050854197445,-0.01269383543324985,-0.00048659080687301953
2023-01,97,0.06288743846767098,0.01789417504912568,0.010108990677858132,-0.016057412847322934,-0.03700914034751977,-0.022205484208511865,0.0057571059442512755,-0.01830024459409225,-0.013568511817884982,-0.013969515975292411,0.010562161294608857
2023-02,97,-0.025142446523391815,-0.012551700307177347,-0.008181096056990961,0.009020867478420581,0.019455433901098173,0.011673260340658903,0.003976211303908956,0.007316451938307018,0.01763713085748644,0.015205930983065288,0.008635658916376915
2023-03,97,0.037077302035405824,0.0065275572717827515,0.00301181743285295,0.003620676198999297,-0.014717453837680878,-0.008830472302608527,0.003270573804905389,-0.010789494892303094,-0.01443100812236209,0.007370119940652794,0.007381192251481684
2023-04,97,0.01597509214289672,-0.0032124847904186375,-0.0030849237719010837,0.008782922323203518,0.0034331665470412505,0.00205989992822475,0.004211423803576802,-0.0046487518135829445,-0.013915862158127387,0.02238457366313688,0.008445248797598165
2023-05,97,0.004616375527484395,0.004560796539626795,0.005037669680646791,0.007312440912914997,0.011214149644752652,0.006728489786851591,0.0017808946403423192,-0.0013433652784979589,0.016158204933334686,0.026178144861717045,0.0028337505912365197
2023-06,97,0.06479969025645071,0.009667914289407078,0.003520428695038544,-0.031872194408638886,-0.04607720790578364,-0.02764632474347018,0.0045138398745783355,-0.018856709864627157,-0.020520241333903795,-0.030575584118149864,0.007750811893816892
2023-07,97,0.03273305594516396,0.009084120421678723,0.004658594145331091,-0.009387722480322795,-0.019531214879302934,-0.011718728927581759,0.003259373209683113,-0.00952531928004271,-0.018297111292451144,-0.0068857428733502405,0.006944369037812815
2023-08,97,-0.01625192610748194,-0.007947603715275371,-0.004735533894659823,0.0062204843793384895,0.013306307124067144,0.007983784274440285,-0.0019265023782319439,0.004729310497277244,0.005875253711569484,0.010635434614653508,-0.004065816065687186
2023-09,97,-0.0474343552719807,-0.009092302969658348,-0.005923989554504691,0.0062204843793384895,0.013306307124067144,0.007983784274440285,-0.0005264279754471003,0.013803397384146383,0.024346440632776044,-0.019936338936356372,-0.00159048452156358
2023-10,97,-0.02170849356696447,-0.008467091930331764,-0.005545019479125148,0.008463450013477912,0.01822336842664751,0.010934021055988504,0.002105711901788401,0.006317171627986661,0.0026129697386617647,0.014941474284448324,0.003763399994685652
2023-11,97,0.09134369583921176,0.03690941757225546,0.02451774563349332,-0.05498422642079845,-0.07044722010872156,-0.042268332065232936,0.008131632131374368,-0.02658101548921062,-0.017125391686244072,-0.05156301656395961,0.01699130295219685
2023-12,97,0.045655250411731796,0.02248534494995326,0.01636319909879145,-0.021586278880417073,-0.03188653398831728,-0.019131920392990363,0.0010752571413387602,-0.013285677869813951,-0.019705405482959754,-0.019453873291587875,0.002184116068344356
2024-01,97,0.015926617018114486,0.006427492866802558,0.003495656694036629,0.0055351041727741,-0.003632190548066979,-0.0021793143288401876,-0.0011872630935615446,-0.004634645552271315,-0.010847019849967846,0.008733266577328749,-0.0018256970212314325
2024-02,97,0.05218673395232387,0.01181364972455451,0.007007576499902746,-0.023935226464407947,-0.036105160525680906,-0.021663096315408543,-0.0001344071426673425,-0.015186339580126246,-0.016811179368823228,-0.02273164983028009,-0.001411274998007121
2024-03,97,0.032701939103215505,0.004881622177744241,0.0023907634334940173,-0.01115935408641214,-0.020464282731728903,-0.012278569639037342,0.0009968529747828084,-0.009516264279035711,-0.011602980466185606,-0.006687550608326051,0.0045138398745783355
2024-04,96,-0.04031954733680698,-0.011372613144499864,-0.007192048110977189,0.0056261754988578255,0.012016275682589844,0.0072097654095539055,-0.004034985561312458,0.01161202963300041,0.019444768576944074,-0.014541192576133729,-0.007936949620603626
2024-05,97,0.05057963393354492,0.005845750638923685,0.002923812397488508,-0.01906076528684568,-0.03279898065278984,-0.0196793883916739,0.0057235041585844346,-0.01471867347466157,-0.015958880397133744,-0.0170173419845991,0.010965382722610887
2024-06,97,0.035280160641754765,0.0068382300385296454,0.003950434331230888,-0.010134058857568535,-0.02108345762676916,-0.012650074576061496,0.006619551776366735,-0.010266526746750637,-0.01575606054012469,-0.009065218953264068,0.012119044030505597
2024-07,97,0.012108972455180167,0.007502284354640476,0.004903043014251961,0.0059888951895522916,0.0010565770575398379,0.0006339462345239027,-0.005969917253474571,-0.0035237109844574285,-0.016605655186207862,0.012850803826599349,-0.012947888076954229
2024-08,97,0.02336554202963792,0.0021745965121973154,0.0009470480942256232,0.00834666728514634,-0.004698821032213687,-0.0028192926193282126,0.004760252969468463,-0.006799372730624634,-0.009628511838047402,0.01084760513630921,0.007101177370924725
2024-09,97,0.021004576352000814,0.0017713649221413714,0.0004449372192506143,0.003060637483696913,-0.0075833593175984705,-0.004550015590559083,0.00301296011479298,-0.006112331718432237,-0.01354159368361174,0.0054653341163562645,0.006283533919698374
2024-10,97,-0.008923398815693484,-0.008821249027072021,-0.006052332216767264,0.006590377105635904,0.01411274998007121,0.008467649988042726,0.001635286902452696,0.0025967090553668036,0.0013362936539106846,0.020387446560146086,0.004088217256131737
2024-11,97,0.05963351362768754,0.014304733210270724,0.009059704163342125,-0.015598181142725168,-0.03523050646507613,-0.02113830387904568,0.013138298195732962,-0.017353352465657074,-0.019837269303423694,-0.015047033874529853,0.023846067228231432
2024-12,97,-0.02406010339609721,-0.006041840369260889,-0.003153241755368634,0.005478295884686626,0.011693421412059002,0.007016052847235401,-0.007280386894481184,0.007001490088264287,0.029658410238103984,-0.0004890860407656641,-0.015098402359631743
2025-01,97,0.02685633659714526,0.01166162838852471,0.005447815858611455,0.004057478646711855,-0.009731379260370779,-0.005838827556222467,0.001982505354343336,-0.00781519394976927,-0.0286261222016,0.006184666550487311,0.0035617892806846384
2025-02,97,-0.012694826224656452,0.0022913341650591733,0.0018184147631843577,0.007184637866987744,0.015412019025855546,0.009247211415513327,-0.00042562261844659186,0.0036941944313750273,-0.0023674670321479673,0.018431652447238378,-0.0009296494034491386
2025-03,97,-0.05571910513222289,-0.012588682296579105,-0.007845608327679712,0.007348208616619533,0.01577043807296847,0.00946226284378108,-0.0055218934445834195,0.01621425959347686,0.01860277511978054,-0.018888863575523242,-0.007425994632370813
2025-04,96,-0.008670223998505366,-0.00671658290446776,-0.005187436226497213,0.009138029139396089,0.019720437674656206,0.011832262604793723,-0.006606734600390724,0.0024970245115695454,-0.010608422532233392,0.033434251470951394,-0.01089667804057732
2025-05,97,0.06284495254464906,0.00928805438187316,0.0032459614721982565,-0.011488234441917936,-0.03467180698162138,-0.020803084188972826,0.005062669040469989,-0.018287881190492874,-0.021613887280949526,-0.01157617963328262,0.006933168442590541
2025-06,97,0.05138613709397677,0.014957310564337247,0.009612641821899824,-0.018903786007090407,-0.033088462528628466,-0.01985307751717708,0.004312229160577317,-0.014953365894347238,-0.017628976216026084,-0.015145108982537927,0.00981172141471618
2025-07,97,0.02303149096060908,-0.0033653560602710836,-0.0029709011963218006,0.006021554539046163,-0.006939727801157538,-0.004163836680694522,0.00889327260648932,-0.006702163869537242,0.0020280569569618863,0.008629099557809907,0.01795455414131282
2025-08,97,0.020519412461037057,0.00016739435506144484,-0.0008773932802592471,0.0026904672605891793,-0.007560774152254774,-0.004536464491352864,0.001736092259453203,-0.005971149026161783,-0.0123748726189113,0.009486531776053466,0.008176434512263474
2025-09,97,0.035620488101362424,0.015956452090215408,0.012687501110920103,-0.009852855540832947,-0.021088758001142505,-0.012653254800685501,0.005768306539473551,-0.010365562037496464,-0.009481009888100963,-0.007681645520074855,0.01148061010283571
2025-10,97,0.023837394994002947,0.00559294798383549,0.002540154710634505,0.0033095296412368213,-0.008740708878776959,-0.005244425327266176,0.0016464874976749736,-0.006936681943254857,-0.006743151845960913,0.006436097647410739,0.004088217256131743
2025-11,97,0.001949968878745878,-0.0037153734345615956,-0.0023810460255252654,0.007761547142196745,0.014786216473589542,0.008871729884153724,-0.0016912898785640868,-0.0005674409437150504,-0.0035471414840852044,0.03146390275956258,-0.0033825797571281737
2025-12,97,0.0007975201147529809,-0.006974331706241079,-0.005700988949421654,0.007041384752971909,0.014324807848321349,0.00859488470899281,0.0033601785666836216,-0.00023207835339311743,-0.006259603986824661,0.029624820921954103,0.006921967847368257
2026-01,98,0.014737783295277307,0.019966641723287628,0.01527839312009278,0.006963949376776675,0.00048286246982611933,0.0002897174818956716,0.001991627488596532,-0.004332908288811528,-0.005903452074761495,0.014695840456628652,0.0032703428647977172
2026-02,98,-0.008641914713669485,0.0043283023612210305,0.0024059778912693605,0.007717935400465409,0.016578035629510914,0.009946821377706546,0.003983254977193064,0.0025407229258188283,0.0038006557357388483,0.024675678774349615,0.007955193889110012
