t,ym,iv,rv,vix
AAPL,2020-09,0.5256014432207179,0.32760615728735437,0.2641
AAPL,2020-10,0.4451390098061073,0.3769135748693133,0.2637
AAPL,2020-12,0.3558123184421074,0.39593893838571015,0.2057
AAPL,2021-01,0.4842761765826233,0.3981133720490758,0.2275
AAPL,2021-02,0.2894999206936552,0.40305419191098374,0.3309
AAPL,2021-03,0.24711096982954117,0.38849808952525894,0.27949999999999997
AAPL,2021-04,0.3468212182917304,0.3685896679892352,0.19399999999999998
AAPL,2021-05,0.24665984358695076,0.35486502337650705,0.1861
AAPL,2021-06,0.18063878112484227,0.3679843968817807,0.16760000000000003
AAPL,2021-07,0.264086805483443,0.35612121047072287,0.1583
AAPL,2021-08,0.18502557040525552,0.3308182409354911,0.18239999999999998
AAPL,2021-09,0.23322790896262557,0.26342173354974247,0.1648
AAPL,2021-10,0.3078703518808583,0.2481913907589669,0.2314
AAPL,2021-11,0.21034370097141059,0.2346097774040762,0.16260000000000002
AAPL,2021-12,0.2437722456038252,0.2377232570024383,0.27190000000000003
AAPL,2022-01,0.3813684067584241,0.22523275266716844,0.1722
AAPL,2022-02,0.24438909591150795,0.22706536962554433,0.2483
AAPL,2022-04,0.31446998485244015,0.21566246131659922,0.20559999999999998
AAPL,2022-05,0.35988194885998664,0.24499573234270627,0.33399999999999996
AAPL,2022-06,0.3510594204743613,0.24624588280646686,0.2619
AAPL,2022-07,0.37123061632955845,0.24732544141799517,0.2871
AAPL,2022-08,0.24393898794721705,0.30540209038702815,0.2133
AAPL,2022-09,0.2858510367458053,0.306522354901149,0.2587
AAPL,2022-10,0.29582895352541333,0.32466367880486974,0.31620000000000004
AAPL,2022-11,0.30351121646362206,0.3379960076194642,0.2588
AAPL,2022-12,0.32763761305465433,0.3219608436530975,0.20579999999999998
AAPL,2023-01,0.3148402170078555,0.3291954381919715,0.2167
AAPL,2023-02,0.3211556426820368,0.3547139006641051,0.19399999999999998
AAPL,2023-03,0.2626466980820978,0.35281820154448984,0.207
AAPL,2023-04,0.24623781711453357,0.36940961789475113,0.187
AAPL,2023-05,0.135346976040334,0.35413689500229245,0.1578
AAPL,2023-06,0.18574853182585316,0.3479648658047604,0.1794
AAPL,2023-07,0.2593530499393653,0.33642501153167076,0.1359
AAPL,2023-08,0.23689921950702708,0.29140664312079984,0.1363
AAPL,2023-09,0.17395994585556443,0.2937418752173552,0.13570000000000002
AAPL,2023-10,0.27242498478448524,0.27834982922596174,0.1752
AAPL,2023-11,0.14439385029135315,0.26173243441577876,0.1814
AAPL,2023-12,0.12883022129480662,0.2749391689823733,0.1292
AAPL,2024-01,0.24119537857328213,0.22490647638724143,0.1245
AAPL,2024-02,0.1392513655989021,0.22130314880407143,0.1435
AAPL,2024-03,0.220743752072947,0.22515702255682038,0.134
AAPL,2024-04,0.32767444022982684,0.20689469415094722,0.1301
AAPL,2024-05,0.12100552586114019,0.20551459809444494,0.1565
AAPL,2024-06,0.22762764399109994,0.23947194043286185,0.1292
AAPL,2024-07,0.28738266359955267,0.2399476009183684,0.1244
AAPL,2024-08,0.2275545228159735,0.24415053081676277,0.1636
AAPL,2024-09,0.2300133737673657,0.2370140769495133,0.15
AAPL,2024-10,0.2845194074496975,0.20607955602437678,0.1673
AAPL,2024-11,0.15463278672392264,0.21237524332110047,0.2316
AAPL,2024-12,0.15022370132702648,0.19241837255100178,0.1351
AAPL,2025-01,0.2614440721915597,0.195255973961963,0.17350000000000002
AAPL,2025-02,0.1966538188234039,0.2014414644301874,0.1643
AAPL,2025-03,0.2840887072227458,0.1963550191062339,0.1963
AAPL,2025-04,0.4821553143764236,0.21116109377682496,0.2228
AAPL,2025-05,0.2329505287659594,0.21994845344375746,0.247
AAPL,2025-07,0.2984786812513772,0.1709534258729289,0.1673
AAPL,2025-08,0.17881379724164595,0.16098717754181632,0.1672
AAPL,2025-09,0.21835971899105322,0.20124969813644672,0.1536
AAPL,2025-10,0.2818343923631374,0.22204988496954592,0.1628
AAPL,2025-11,0.1979630023532093,0.2230364081738875,0.1744
AAPL,2025-12,0.1501489954109517,0.2206119589181434,0.1635
AAPL,2026-01,0.24715501687573754,0.21956061766944926,0.1495
AAPL,2026-02,0.24900298247151015,0.21587176962816218,0.1744
ABBV,2020-09,0.24559354845451503,0.2756525732956615,0.2641
ABBV,2020-10,0.42547819076131144,0.27221783072268113,0.2637
ABBV,2020-11,0.33278927470977776,0.26925995668811065,0.38020000000000004
ABBV,2020-12,0.278467567726449,0.3363466937078388,0.2057
ABBV,2021-01,0.27509042237858644,0.3359900840435484,0.2275
ABBV,2021-02,0.2253963422504543,0.32554131106991113,0.3309
ABBV,2021-03,0.24641243711838687,0.32495123917862095,0.27949999999999997
ABBV,2021-04,0.30657346963987203,0.28984421875617994,0.19399999999999998
ABBV,2021-05,0.17523511812186307,0.28310551812098284,0.1861
ABBV,2021-06,0.18884456648767484,0.26378446518502713,0.16760000000000003
ABBV,2021-07,0.3951779364016165,0.2620493584184715,0.1583
ABBV,2021-08,0.17630291343417234,0.25942912382056693,0.18239999999999998
ABBV,2021-09,0.19950926465484808,0.2593083575632269,0.1648
ABBV,2021-10,0.3612886149438081,0.27004147707915005,0.2314
ABBV,2021-11,0.19225900148976655,0.27091059197976974,0.16260000000000002
ABBV,2021-12,0.2400722094028532,0.1650087118999924,0.27190000000000003
ABBV,2022-01,0.3786239894378209,0.2311881646655323,0.1722
ABBV,2022-02,0.2659381153570016,0.22254334674565215,0.2483
ABBV,2022-04,0.2934574022668644,0.2335082020917739,0.20559999999999998
ABBV,2022-05,0.35915516495776445,0.265424705763978,0.33399999999999996
ABBV,2022-06,0.3025560602605733,0.2663858694725262,0.2619
ABBV,2022-07,0.3845485225899742,0.26399533296094635,0.2871
ABBV,2022-08,0.30523786297996236,0.2771369502659969,0.2133
ABBV,2022-09,0.1954358155443601,0.2896505652137618,0.2587
ABBV,2022-10,0.2491597781977538,0.2586171863439408,0.31620000000000004
ABBV,2022-11,0.1788791051164026,0.2655002267186025,0.2588
ABBV,2022-12,0.21845958391549264,0.27428886347560627,0.20579999999999998
ABBV,2023-01,0.26444235280140105,0.22851893367391582,0.2167
ABBV,2023-02,0.14717616170814557,0.2482513574417813,0.19399999999999998
ABBV,2023-03,0.2995476125223835,0.23974190295984976,0.207
ABBV,2023-04,0.16073965229499715,0.2222701409506272,0.187
ABBV,2023-05,0.1780140399668435,0.2068907860616179,0.1578
ABBV,2023-06,0.24107612728587607,0.2274559950949208,0.1794
ABBV,2023-07,0.27331088361131084,0.22414999955748802,0.1359
ABBV,2023-08,0.13749946175585678,0.25045212903900843,0.1363
ABBV,2023-09,0.18031761236691585,0.2400532706012229,0.13570000000000002
ABBV,2023-10,0.11469694451985786,0.23950981006757852,0.1752
ABBV,2023-11,0.1640772308677568,0.22515247273566005,0.1814
ABBV,2023-12,0.2012192722665664,0.19828658638653068,0.1292
ABBV,2024-01,0.1979307115536556,0.21952265850372737,0.1245
ABBV,2024-02,0.0943515490033578,0.21140590890127586,0.1435
ABBV,2024-03,0.22532477177434812,0.21751463463216678,0.134
ABBV,2024-04,0.19959242228287763,0.217404721303991,0.1301
ABBV,2024-05,0.12352460651937067,0.23984429042887373,0.1565
ABBV,2024-06,0.20576104348127097,0.21627611075637182,0.1292
ABBV,2024-07,0.22467148981256058,0.21554084971481802,0.1244
ABBV,2024-08,0.16562105048501158,0.20170258571940491,0.1636
ABBV,2024-09,0.16576747504196299,0.1995717681444084,0.15
ABBV,2024-10,0.34714068980953605,0.20042248260111298,0.1673
ABBV,2024-11,0.1690378310599809,0.18452728001934582,0.2316
ABBV,2024-12,0.27263852706395786,0.23015809784440056,0.1351
ABBV,2025-01,0.19211035776846955,0.22538345430868426,0.17350000000000002
ABBV,2025-02,0.2101414938725216,0.21990770801341805,0.1643
ABBV,2025-03,0.1914486697930984,0.24659275888278168,0.1963
ABBV,2025-04,0.48305937961867645,0.2466042147004458,0.2228
ABBV,2025-05,0.3292053720369396,0.2293855337283138,0.247
ABBV,2025-08,0.1799319535887837,0.21720318832934327,0.1672
ABBV,2025-09,0.2653027412293947,0.23724893725210602,0.1536
ABBV,2025-10,0.23584694059076763,0.25340064368298804,0.1628
ABBV,2025-11,0.2384013172440346,0.2613444583701414,0.1744
ABBV,2025-12,0.24623072819756825,0.23113675849629198,0.1635
ABBV,2026-01,0.28050807041530174,0.22543812665031596,0.1495
ABBV,2026-02,0.18661898858471207,0.22812229702544906,0.1744
ABT,2020-09,0.2984556726058204,0.2525967037976778,0.2641
ABT,2020-10,0.3187764914654485,0.2503782617642453,0.2637
ABT,2020-11,0.30370514049055714,0.25602766086263656,0.38020000000000004
ABT,2020-12,0.28634516308303704,0.25610723072217695,0.2057
ABT,2021-01,0.31307361544262813,0.2562966440349606,0.2275
ABT,2021-02,0.2671216601212662,0.27783953156661184,0.3309
ABT,2021-03,0.19018764665506738,0.23794160052220228,0.27949999999999997
ABT,2021-04,0.46791659712052863,0.24092483522710367,0.19399999999999998
ABT,2021-05,0.1970923706422794,0.19341067723244454,0.1861
ABT,2021-06,0.154078519365999,0.20045225176936765,0.16760000000000003
ABT,2021-07,0.2164881324882864,0.19319494009137703,0.1583
ABT,2021-08,0.17998364384659554,0.17405170610012796,0.18239999999999998
ABT,2021-09,0.15543897799270004,0.1599072184185294,0.1648
ABT,2021-10,0.14005729087922467,0.17802131313293526,0.2314
ABT,2021-11,0.1624855449950358,0.19118420039476353,0.16260000000000002
ABT,2021-12,0.2109169079253031,0.19569094994993605,0.27190000000000003
ABT,2022-01,0.4041265381521119,0.22129365373122753,0.1722
ABT,2022-02,0.19372833364225536,0.21433439485282643,0.2483
ABT,2022-04,0.24209092445252103,0.22084900364843518,0.20559999999999998
ABT,2022-05,0.3376007180579305,0.22422002538823319,0.33399999999999996
ABT,2022-06,0.1739737121500043,0.22485625901781253,0.2619
ABT,2022-07,0.3092209375321192,0.23830049951058846,0.2871
ABT,2022-08,0.20593925198250138,0.23244191727943528,0.2133
ABT,2022-09,0.18597518357506107,0.230767957693869,0.2587
ABT,2022-10,0.26185582514977584,0.22899538851806386,0.31620000000000004
ABT,2022-11,0.1277960637409253,0.20240004800181585,0.2588
ABT,2022-12,0.22808560605805803,0.22828401894760986,0.20579999999999998
ABT,2023-01,0.2288841064633234,0.18485966427900435,0.2167
ABT,2023-02,0.1251783311659677,0.1681717946458539,0.19399999999999998
ABT,2023-03,0.32874808315587906,0.17750502612873842,0.207
ABT,2023-04,0.08232710187876767,0.1774369397059619,0.187
ABT,2023-05,0.16434299088059767,0.20366035625612094,0.1578
ABT,2023-06,0.15127260079887878,0.21364769248226467,0.1794
ABT,2023-07,0.21324520796465643,0.21315885054928446,0.1359
ABT,2023-08,0.15782504898146124,0.21435094529583368,0.1363
ABT,2023-09,0.1506988876946347,0.22103204726214096,0.13570000000000002
ABT,2023-10,0.09956498513186256,0.22146248493726262,0.1752
ABT,2023-11,0.17848336004980425,0.22081482490649929,0.1814
ABT,2023-12,0.17483680207160954,0.2280439192014464,0.1292
ABT,2024-01,0.17200679339602953,0.23389106893850878,0.1245
ABT,2024-02,0.17501293684172875,0.2356246865890823,0.1435
ABT,2024-03,0.14224258991301197,0.21914223432567378,0.134
ABT,2024-04,0.19755782120107615,0.22613785701550712,0.1301
ABT,2024-05,0.17943762592071,0.21829470462426756,0.1565
ABT,2024-06,0.16532553389924762,0.20608892548360522,0.1292
ABT,2024-07,0.15386960931893212,0.19431612073242147,0.1244
ABT,2024-08,0.11009769739636774,0.19414664712694613,0.1636
ABT,2024-09,0.29123246521318924,0.1872537422950176,0.15
ABT,2024-10,0.2189244201835584,0.1713801717166775,0.1673
ABT,2024-11,0.15122638148329015,0.1683720317480954,0.2316
ABT,2024-12,0.24873892629099345,0.14540113720920456,0.1351
ABT,2025-01,0.173475449637143,0.1493606726866178,0.17350000000000002
ABT,2025-02,0.16777365417381448,0.19879493903887302,0.1643
ABT,2025-03,0.2784525441967041,0.20676714507269156,0.1963
ABT,2025-04,0.18127246468366912,0.20582952486304776,0.2228
ABT,2025-05,0.1849497921502857,0.18971206173493183,0.247
ABT,2025-07,0.2861187360443629,0.17946170292527786,0.1673
ABT,2025-08,0.18733946965369538,0.2024262701105315,0.1672
ABT,2025-09,0.2698204896781826,0.19821405084752056,0.1536
ABT,2025-10,0.22209690597621212,0.1980706784767778,0.1628
ABT,2025-11,0.18089914683620303,0.21718455640593742,0.1744
ABT,2025-12,0.15314539063218938,0.2163229966376717,0.1635
ABT,2026-01,0.22020487870201907,0.21143058017692698,0.1495
ABT,2026-02,0.23715894151682715,0.20333720451298312,0.1744
ACN,2020-09,0.3276655269770354,0.2744267293745634,0.2641
ACN,2020-10,0.24691546544721138,0.2815159529357134,0.2637
ACN,2020-11,0.467250178613215,0.28242644959733043,0.38020000000000004
ACN,2020-12,0.27733623925595047,0.3051492304905294,0.2057
ACN,2021-01,0.2634773437991694,0.30531564788143867,0.2275
ACN,2021-02,0.2776711251661461,0.31685378278487136,0.3309
ACN,2021-03,0.2045544072249442,0.27832920892573976,0.27949999999999997
ACN,2021-04,0.19584855340169274,0.24752440097059772,0.19399999999999998
ACN,2021-05,0.16946336821092017,0.22709768850900142,0.1861
ACN,2021-06,0.23242739122979478,0.23013851106769742,0.16760000000000003
ACN,2021-07,0.18611888074664,0.22781528479024182,0.1583
ACN,2021-08,0.15807024062756633,0.23272482063220096,0.18239999999999998
ACN,2021-09,0.20496534734933503,0.23155096659148622,0.1648
ACN,2021-10,0.2371276241471162,0.2280214361841629,0.2314
ACN,2021-11,0.1945266748341993,0.23186804145699577,0.16260000000000002
ACN,2021-12,0.20042463704285518,0.207135954265738,0.27190000000000003
ACN,2022-01,0.49938243637693835,0.24296308266651823,0.1722
ACN,2022-02,0.35499854568793104,0.2878346846634602,0.2483
ACN,2022-04,0.23203736323769136,0.31403120908720034,0.20559999999999998
ACN,2022-05,0.40625750026390045,0.33638703137211257,0.33399999999999996
ACN,2022-06,0.4025373775565138,0.3346640251458208,0.2619
ACN,2022-07,0.26949594446103214,0.3411889564655724,0.2871
ACN,2022-08,0.2953634282944177,0.3488599448241593,0.2133
ACN,2022-09,0.31670949182268787,0.3477698687829452,0.2587
ACN,2022-10,0.33274411086902234,0.36024177792637024,0.31620000000000004
ACN,2022-11,0.2671387321567504,0.35370424010610085,0.2588
ACN,2022-12,0.2745050844403913,0.36127668852004896,0.20579999999999998
ACN,2023-01,0.21362001576810632,0.32401942467965894,0.2167
ACN,2023-02,0.21220269162911254,0.30743483979142155,0.19399999999999998
ACN,2023-03,0.41108344546090436,0.29377896687587973,0.207
ACN,2023-04,0.20010326888785893,0.29653267819982293,0.187
ACN,2023-05,0.058981224300159896,0.2771785318055722,0.1578
ACN,2023-06,0.2741093981815758,0.29215139230012915,0.1794
ACN,2023-07,0.1334204103069198,0.2800561202518048,0.1359
ACN,2023-08,0.23392309682176507,0.2618307848461126,0.1363
ACN,2023-09,0.25657104672834896,0.2523358352107026,0.13570000000000002
ACN,2023-10,0.1159947335634226,0.22776232036368796,0.1752
ACN,2023-11,0.18850765453934146,0.20907374024038552,0.1814
ACN,2023-12,0.19099574174491984,0.23365915874940682,0.1292
ACN,2024-01,0.11792907409529098,0.19195263009768287,0.1245
ACN,2024-02,0.171171906946732,0.1908951100461065,0.1435
ACN,2024-03,0.2961501421677715,0.17329616063066822,0.134
ACN,2024-04,0.2209364212906833,0.19541295709546244,0.1301
ACN,2024-05,0.1338717891336762,0.2438079111377136,0.1565
ACN,2024-06,0.3207541334695381,0.23567566714918028,0.1292
ACN,2024-07,0.19988538306200854,0.24827471116464264,0.1244
ACN,2024-08,0.26570677995314895,0.26410367827170783,0.1636
ACN,2024-09,0.24607782293939495,0.2650267654361897,0.15
ACN,2024-10,0.1522087792735431,0.2575485979439995,0.1673
ACN,2024-11,0.2744127595018045,0.2561536377839105,0.2316
ACN,2024-12,0.23150013342219036,0.23333367677405872,0.1351
ACN,2025-01,0.10863344629191132,0.23139655673302634,0.17350000000000002
ACN,2025-02,0.18481160678698846,0.24826847778780037,0.1643
ACN,2025-03,0.38680395120246397,0.26708277087429033,0.1963
ACN,2025-04,0.2678854167023608,0.2773246513304742,0.2228
ACN,2025-05,0.20327089096371762,0.2458929794024108,0.247
ACN,2025-07,0.20539791384389983,0.23988605305186445,0.1673
ACN,2025-08,0.3378459886952786,0.23806016985715434,0.1672
ACN,2025-09,0.2631735498302023,0.23233085578355855,0.1536
ACN,2025-10,0.26854142940122505,0.2267845464849715,0.1628
ACN,2025-11,0.33401095382357243,0.2303468545481938,0.1744
ACN,2025-12,0.24637904786161935,0.21770707781980833,0.1635
ACN,2026-02,0.4767082033924193,0.20277505575216848,0.1744
ADBE,2020-09,0.5176547415450893,0.24899932606825773,0.2641
ADBE,2020-10,0.48354434926237,0.25503925055852783,0.2637
ADBE,2020-11,0.42672586974398596,0.2886169539623101,0.38020000000000004
ADBE,2021-01,0.29534568472029543,0.27894130796438504,0.2275
ADBE,2021-02,0.27398966828450416,0.3016862244851267,0.3309
ADBE,2021-03,0.2997713957137276,0.29930562991840176,0.27949999999999997
ADBE,2021-04,0.22070335255285278,0.2763487893984798,0.19399999999999998
ADBE,2021-05,0.23153092943088183,0.26707061090997375,0.1861
ADBE,2021-06,0.28716683376506985,0.2613715263314026,0.16760000000000003
ADBE,2021-07,0.21660734917025534,0.27776338192698824,0.1583
ADBE,2021-08,0.19546888778502522,0.27959814373750475,0.18239999999999998
ADBE,2021-09,0.23519004988345102,0.2491959737231492,0.1648
ADBE,2021-10,0.3315921065434807,0.28805666659950946,0.2314
ADBE,2021-11,0.24909390005024917,0.2838356565742928,0.16260000000000002
ADBE,2021-12,0.2987194019975999,0.281207334970657,0.27190000000000003
ADBE,2022-01,0.4442017610660161,0.3355299755435685,0.1722
ADBE,2022-02,0.43475710005277407,0.32847804278852555,0.2483
ADBE,2022-04,0.37810627904538935,0.35784295327629856,0.20559999999999998
ADBE,2022-05,0.4434387300509819,0.37214179929964836,0.33399999999999996
ADBE,2022-06,0.5418315466074267,0.37817623494927044,0.2619
ADBE,2022-07,0.3900360522511812,0.34247162312928536,0.2871
ADBE,2022-08,0.2820953058905149,0.3646927578967204,0.2133
ADBE,2022-09,0.4974794816875181,0.35295921283666337,0.2587
ADBE,2022-10,0.35973362926430535,0.40914718919418314,0.31620000000000004
ADBE,2022-11,0.4165198616236338,0.4233158563472458,0.2588
ADBE,2022-12,0.32793562341821025,0.43740291549780524,0.20579999999999998
ADBE,2023-01,0.3177656819106088,0.4216176954252895,0.2167
ADBE,2023-02,0.3544604006025052,0.44166856709341634,0.19399999999999998
ADBE,2023-03,0.33842004162755446,0.4418149265467922,0.207
ADBE,2023-04,0.2808991062236926,0.48982239959135815,0.187
ADBE,2023-05,0.26327251423649894,0.4707298871545894,0.1578
ADBE,2023-06,0.47747717049595595,0.47976979779407714,0.1794
ADBE,2023-07,0.28642435486462764,0.48178461203476186,0.1359
ADBE,2023-08,0.3840246443460745,0.481124302644526,0.1363
ADBE,2023-09,0.3767354350347158,0.46251372129726576,0.13570000000000002
ADBE,2023-10,0.2724592757699178,0.35749326894754896,0.1752
ADBE,2023-11,0.31490560542845575,0.3405379416008411,0.1814
ADBE,2023-12,0.24398515879240443,0.3538820575310564,0.1292
ADBE,2024-01,0.23243610591775626,0.35369838807201676,0.1245
ADBE,2024-02,0.4106278046473652,0.3502441028148027,0.1435
ADBE,2024-03,0.2921356941021408,0.3339617175087749,0.134
ADBE,2024-04,0.2626262071060762,0.3279169433968835,0.1301
ADBE,2024-05,0.2468417166213961,0.3432872599128379,0.1565
ADBE,2024-06,0.3709181098333312,0.3347093582675383,0.1292
ADBE,2024-07,0.22431772802142114,0.3819090400476142,0.1244
ADBE,2024-08,0.36938977831847664,0.365928685384361,0.1636
ADBE,2024-09,0.2817952639612994,0.36727373107356304,0.15
ADBE,2024-10,0.24576512934761655,0.3702935151120418,0.1673
ADBE,2024-11,0.430934177012169,0.3765362590404127,0.2316
ADBE,2024-12,0.22506503016804857,0.35154563716936915,0.1351
ADBE,2025-01,0.1968023806672726,0.3744249075422955,0.17350000000000002
ADBE,2025-02,0.4098048352620026,0.3697335461746578,0.1643
ADBE,2025-03,0.3993336988913463,0.36238106805412024,0.1963
ADBE,2025-04,0.2838626454183411,0.3698361972545552,0.2228
ADBE,2025-05,0.22795667784482326,0.36310228939239403,0.247
ADBE,2025-07,0.2233244127119738,0.26954378685334,0.1673
ADBE,2025-08,0.46573706291997113,0.2727124190905861,0.1672
ADBE,2025-09,0.2862495524064002,0.2630939680898588,0.1536
ADBE,2025-10,0.34819160071883726,0.25489742251729697,0.1628
ADBE,2025-11,0.5182294968141032,0.24975113254934528,0.1744
ADBE,2025-12,0.21346764479986474,0.22344442203866988,0.1635
ADBE,2026-01,0.26200857768890434,0.2290049337518123,0.1495
ADBE,2026-02,0.5233862530059495,0.2706326318063419,0.1744
AMZN,2020-09,0.39579779055801795,0.3134535250766686,0.2641
AMZN,2020-10,0.48969738987583916,0.33794295397605967,0.2637
AMZN,2020-11,0.4960322180042683,0.34896094931061095,0.38020000000000004
AMZN,2020-12,0.28765896103629274,0.3468370650660923,0.2057
AMZN,2021-01,0.3938286089527408,0.34668208581326515,0.2275
AMZN,2021-02,0.286643257229994,0.3507239068142613,0.3309
AMZN,2021-03,0.2412779074380006,0.3427776357495155,0.27949999999999997
AMZN,2021-04,0.327301167950375,0.3457590912895611,0.19399999999999998
AMZN,2021-05,0.25244569306297754,0.26190308713466043,0.1861
AMZN,2021-07,0.3294974398823612,0.25939282497756216,0.1583
AMZN,2021-08,0.19484929520597827,0.22398029816299062,0.18239999999999998
AMZN,2021-09,0.20373679040885584,0.20900875935087881,0.1648
AMZN,2021-11,0.21575062356979569,0.19112144942119236,0.16260000000000002
AMZN,2021-12,0.25831695055676157,0.19048478950132264,0.27190000000000003
AMZN,2022-01,0.4689996125093501,0.19797151301056584,0.1722
AMZN,2022-02,0.3360781114196947,0.2245505747369163,0.2483
AMZN,2022-04,0.4263473824325808,0.2315411272101464,0.20559999999999998
AMZN,2022-05,0.4749949277727456,0.30433474664473353,0.33399999999999996
AMZN,2022-06,0.5052302242306068,0.30028719465129783,0.2619
AMZN,2022-07,0.5256134853358011,0.2980042495144133,0.2871
AMZN,2022-08,0.3354520520471816,0.4274622890660049,0.2133
AMZN,2022-09,0.40867371070376196,0.4259071378662948,0.2587
AMZN,2022-10,0.39168965298581665,0.43426489716592126,0.31620000000000004
AMZN,2022-11,0.4121525184864235,0.4357259077193498,0.2588
AMZN,2022-12,0.3803400717617523,0.42863616345031547,0.20579999999999998
AMZN,2023-01,0.5131147411111258,0.4376765783978559,0.2167
AMZN,2023-02,0.33724588211504136,0.5114626356952512,0.19399999999999998
AMZN,2023-03,0.3781050462758128,0.5124814862590559,0.207
AMZN,2023-04,0.450629930396783,0.520373511004648,0.187
AMZN,2023-05,0.252331149754221,0.46807469358009374,0.1578
AMZN,2023-06,0.2808065312238976,0.48970401232874955,0.1794
AMZN,2023-07,0.39728311680861433,0.4741697570468435,0.1359
AMZN,2023-08,0.26634756599915654,0.39208435298947203,0.1363
AMZN,2023-09,0.2205640053852643,0.3861255379394945,0.13570000000000002
AMZN,2023-10,0.2995295307264279,0.3769825684578465,0.1752
AMZN,2023-11,0.23108862387124954,0.35857918682028744,0.1814
AMZN,2023-12,0.19450372449655964,0.3522785349222606,0.1292
AMZN,2024-01,0.3595476992252813,0.3001433220810551,0.1245
AMZN,2024-02,0.251712794808629,0.23322985280341332,0.1435
AMZN,2024-03,0.23854414216558148,0.2113706272374137,0.134
AMZN,2024-04,0.41870315483507425,0.20901626384413619,0.1301
AMZN,2024-05,0.17295441538431802,0.22223830449425772,0.1565
AMZN,2024-06,0.15000119453025593,0.19647771602419292,0.1292
AMZN,2024-07,0.4003298057403722,0.2006747625311556,0.1244
AMZN,2024-08,0.256002515519664,0.2116822794578267,0.1636
AMZN,2024-09,0.235922551731396,0.22461398851777095,0.15
AMZN,2024-10,0.42448530200403606,0.19514504772838603,0.1673
AMZN,2024-11,0.2832154602413692,0.19725949173879437,0.2316
AMZN,2024-12,0.23272557091024848,0.20451450631480947,0.1351
AMZN,2025-01,0.3291989448078794,0.20578848559662846,0.17350000000000002
AMZN,2025-02,0.25319217243819264,0.21135828458655384,0.1643
AMZN,2025-03,0.29386638247218844,0.22550467161192936,0.1963
AMZN,2025-04,0.42934166348168373,0.2557759881890215,0.2228
AMZN,2025-05,0.282421245426905,0.2559137489195826,0.247
AMZN,2025-07,0.395937186067601,0.26971856245360937,0.1673
AMZN,2025-08,0.23338925417022924,0.26962506768570654,0.1672
AMZN,2025-09,0.22480720843808993,0.26421436435622714,0.1536
AMZN,2025-10,0.39683705164020155,0.2707278991943678,0.1628
AMZN,2025-11,0.33687270838044847,0.28610735359918654,0.1744
AMZN,2025-12,0.21168583809543975,0.2762146713914919,0.1635
AMZN,2026-01,0.40045863177884766,0.2729024594032818,0.1495
AMZN,2026-02,0.3436892378448942,0.2624656480343114,0.1744
AVGO,2020-09,0.46577653265780156,0.2837201918843233,0.2641
AVGO,2020-10,0.30146483370197635,0.28231768826711157,0.2637
AVGO,2020-11,0.44016033931733284,0.28848665975708276,0.38020000000000004
AVGO,2020-12,0.2317261653648806,0.3108652749522896,0.2057
AVGO,2021-01,0.2748832709779632,0.31808334339811695,0.2275
AVGO,2021-02,0.4358851370690958,0.30915119618522213,0.3309
AVGO,2021-03,0.30699368878208716,0.26444761071522654,0.27949999999999997
AVGO,2021-04,0.11944402125077681,0.20396131228038344,0.19399999999999998
AVGO,2021-05,0.3869299344802865,0.19569947321037445,0.1861
AVGO,2021-06,0.31450137485673835,0.19430562120757763,0.16760000000000003
AVGO,2021-07,0.24453740096222604,0.1882505606493792,0.1583
AVGO,2021-08,0.2701639124621066,0.18582926045386453,0.18239999999999998
AVGO,2021-09,0.37121339429821826,0.17597391608978566,0.1648
AVGO,2021-10,0.25625398999405313,0.18085671684344037,0.2314
AVGO,2021-11,0.22795959914543007,0.17614402414972333,0.16260000000000002
AVGO,2021-12,0.2455202775416719,0.13028285138093912,0.27190000000000003
AVGO,2022-01,0.3626695190872893,0.21360771724393537,0.1722
AVGO,2022-02,0.4265013970543489,0.2666812822115927,0.2483
AVGO,2022-04,0.3317032253107362,0.27037072007812324,0.20559999999999998
AVGO,2022-05,0.4029076035208843,0.30728015105703305,0.33399999999999996
AVGO,2022-06,0.4481207053435612,0.3079922520534945,0.2619
AVGO,2022-07,0.3571857137091092,0.3563678422208074,0.2871
AVGO,2022-08,0.3549000683517523,0.36849346801484073,0.2133
AVGO,2022-09,0.3460005924250916,0.37760313923912275,0.2587
AVGO,2022-10,0.34219534471281043,0.39326731816514005,0.31620000000000004
AVGO,2022-11,0.3229274210728045,0.38503485944305155,0.2588
AVGO,2022-12,0.2547680245980575,0.42159882608476085,0.20579999999999998
AVGO,2023-01,0.2701574095678232,0.3617598842245369,0.2167
AVGO,2023-03,0.29277849021834124,0.3429499762139965,0.207
AVGO,2023-04,0.168914709904332,0.3448748009732174,0.187
AVGO,2023-05,0.244133077436877,0.31819428067291816,0.1578
AVGO,2023-07,0.20459483253292682,0.36398216098349756,0.1359
AVGO,2023-08,0.35157699924453745,0.3609559372005842,0.1363
AVGO,2023-09,0.2705425485501099,0.3385784456561965,0.13570000000000002
AVGO,2023-10,0.33854515814389363,0.33456416866706573,0.1752
AVGO,2023-11,0.30512849264924424,0.3378246815960672,0.1814
AVGO,2023-12,0.23873352375122675,0.31792442527435605,0.1292
AVGO,2024-01,0.27204762925745113,0.3542575722409258,0.1245
AVGO,2024-03,0.331338505441745,0.3508069543685084,0.134
AVGO,2024-04,0.34930684533480955,0.35389891292821435,0.1301
AVGO,2024-05,0.33565920670269306,0.35265798904570933,0.1565
AVGO,2024-06,0.4571122261465662,0.25890792257653056,0.1292
AVGO,2024-08,0.601796979085955,0.31169881329077986,0.1636
AVGO,2024-09,0.34159054187532295,0.3133134693217733,0.15
AVGO,2024-10,0.37081714659251747,0.2681639184726733,0.1673
AVGO,2024-11,0.4681644220862447,0.2758881299530137,0.2316
AVGO,2024-12,0.40254246245661796,0.29301097320701935,0.1351
AVGO,2025-01,0.29299636602859264,0.46149923778345275,0.17350000000000002
AVGO,2025-02,0.5542460813587465,0.47599019282940663,0.1643
AVGO,2025-03,0.45683396621225403,0.4993652916721425,0.1963
AVGO,2025-04,0.582076278596139,0.5393843328527628,0.2228
AVGO,2025-05,0.4495452708734731,0.5488508734145975,0.247
AVGO,2025-07,0.3735362425684181,0.5721680719992135,0.1673
AVGO,2025-08,0.4561824876412116,0.5687524525652006,0.1672
AVGO,2025-09,0.4178790543986131,0.5688255050886977,0.1536
AVGO,2025-10,0.449505591399808,0.5708329424280456,0.1628
AVGO,2025-11,0.6137058138260459,0.5653932886282778,0.1744
AVGO,2025-12,0.3684253789906208,0.5489582341200338,0.1635
AVGO,2026-01,0.37736937320604574,0.4468322404929817,0.1495
AVGO,2026-02,0.5952704518485042,0.4462340905162115,0.1744
BAC,2020-09,0.3690721560886157,0.3674202161019424,0.2641
BAC,2020-10,0.3381086879538555,0.36450616253140494,0.2637
BAC,2020-11,0.41560588030901946,0.3538642879023486,0.38020000000000004
BAC,2020-12,0.29490278427881206,0.40242838448825863,0.2057
BAC,2021-01,0.2941595930211711,0.4066554020453702,0.2275
BAC,2021-02,0.30600384205058095,0.40128700006999946,0.3309
BAC,2021-03,0.2781583464317623,0.4066261576694222,0.27949999999999997
BAC,2021-04,0.23400595614327807,0.28228072049138614,0.19399999999999998
BAC,2021-05,0.24947366290736425,0.26966794115088116,0.1861
BAC,2021-06,0.2645816450854049,0.2650005730439888,0.16760000000000003
BAC,2021-07,0.2532213026455723,0.2691140598853721,0.1583
BAC,2021-08,0.29436773348707895,0.29525740166862335,0.18239999999999998
BAC,2021-09,0.22133602518180295,0.2987005841989064,0.1648
BAC,2021-10,0.2805490684431271,0.2784243248412674,0.2314
BAC,2021-11,0.23455986605969234,0.27611292624130057,0.16260000000000002
BAC,2021-12,0.2577124019078775,0.2705112940526786,0.27190000000000003
BAC,2022-01,0.3191172451625698,0.26921473330179185,0.1722
BAC,2022-02,0.32754560870206767,0.2615715781362433,0.2483
BAC,2022-04,0.33223277026898973,0.22112359079452096,0.20559999999999998
BAC,2022-05,0.36810431970353924,0.25804367224965674,0.33399999999999996
BAC,2022-06,0.42938847951040915,0.25733614479189637,0.2619
BAC,2022-07,0.3121655551402301,0.2989113751441973,0.2871
BAC,2022-08,0.2513516423678519,0.3099185946135619,0.2133
BAC,2022-09,0.2744517044500743,0.2927993988973892,0.2587
BAC,2022-10,0.29066157097857814,0.30101510675786364,0.31620000000000004
BAC,2022-11,0.2918077953580408,0.34225694956196984,0.2588
BAC,2022-12,0.29079614735359227,0.34320423537616707,0.20579999999999998
BAC,2023-01,0.24799818601621515,0.36067185426024584,0.2167
BAC,2023-02,0.19402889657814298,0.36785698841566444,0.19399999999999998
BAC,2023-03,0.4516439511195819,0.3672467409396834,0.207
BAC,2023-04,0.2586954970703499,0.3935980740413556,0.187
BAC,2023-05,0.3450320426657741,0.375717795300964,0.1578
BAC,2023-06,0.2247563419578917,0.3733715586670045,0.1794
BAC,2023-07,0.32634593198424205,0.3427568975883553,0.1359
BAC,2023-08,0.2523100427257491,0.3519139283009773,0.1363
BAC,2023-09,0.18442422377228984,0.36565701044358456,0.13570000000000002
BAC,2023-10,0.3203855689553504,0.3553821489355347,0.1752
BAC,2023-11,0.3037534353402875,0.28586080529692254,0.1814
BAC,2023-12,0.2531350672112335,0.33650076457293504,0.1292
BAC,2024-01,0.2011413888193259,0.3316893301984719,0.1245
BAC,2024-02,0.24039526668864503,0.3245542802796834,0.1435
BAC,2024-03,0.19220425852967785,0.32251746437484285,0.134
BAC,2024-04,0.27317740947142455,0.27560983209699197,0.1301
BAC,2024-05,0.16645094786137954,0.28074017702586723,0.1565
BAC,2024-06,0.22398338928545944,0.2724792581484229,0.1292
BAC,2024-07,0.2763094418556536,0.2747123582032947,0.1244
BAC,2024-08,0.23608110569072024,0.2598283895632145,0.1636
BAC,2024-09,0.2852121947987699,0.225134237781328,0.15
BAC,2024-10,0.27870494453299766,0.21685479670345603,0.1673
BAC,2024-11,0.21462844322842975,0.20185639079591716,0.2316
BAC,2024-12,0.25998521027446214,0.18274590974271768,0.1351
BAC,2025-01,0.2354708537386937,0.19872362223015086,0.17350000000000002
BAC,2025-02,0.23141784178483393,0.19965615207016518,0.1643
BAC,2025-03,0.21441652840937825,0.2024775568261023,0.1963
BAC,2025-04,0.39024282756176776,0.21704786349180763,0.2228
BAC,2025-05,0.18982253970730678,0.22161355899859614,0.247
BAC,2025-07,0.2902413137937513,0.24058831472396175,0.1673
BAC,2025-08,0.23700001819716993,0.24137921057811867,0.1672
BAC,2025-09,0.2141108284070004,0.24750636480835214,0.1536
BAC,2025-10,0.24520507826039262,0.24311956747292726,0.1628
BAC,2025-11,0.24134641960168143,0.24155688570503,0.1744
BAC,2025-12,0.2410241020439169,0.20915953985857913,0.1635
BAC,2026-01,0.17657304408776045,0.1884532028707963,0.1495
BAC,2026-02,0.33393243185041827,0.19250116101025636,0.1744
BX,2020-09,0.36122700280262526,0.3061711782235265,0.2641
BX,2020-10,0.35317373579751815,0.30573773372340135,0.2637
BX,2020-11,0.4646471609084177,0.2967182910325376,0.38020000000000004
BX,2020-12,0.3384288638336492,0.35270217388372954,0.2057
BX,2021-01,0.33969304942029493,0.36004039663428755,0.2275
BX,2021-02,0.2959833801426182,0.35221369457148394,0.3309
BX,2021-03,0.27213566691738683,0.3250452619155435,0.27949999999999997
BX,2021-04,0.24414707669517227,0.2593654516763587,0.19399999999999998
BX,2021-05,0.2663782892156375,0.2848949085752113,0.1861
BX,2021-06,0.21717210489053834,0.2808903366309462,0.16760000000000003
BX,2021-07,0.3018896748272271,0.27551518295159566,0.1583
BX,2021-08,0.23742923804037286,0.28318174703260607,0.18239999999999998
BX,2021-09,0.22441854317337612,0.27003505848462084,0.1648
BX,2021-10,0.269759700568107,0.2985096460567309,0.2314
BX,2021-11,0.28894790955432176,0.2960753788142025,0.16260000000000002
BX,2021-12,0.31638451441988846,0.28383728015212534,0.27190000000000003
BX,2022-01,0.7866192942694593,0.3284538705717921,0.1722
BX,2022-02,0.44948378328365607,0.33053212314154357,0.2483
BX,2022-04,0.35077161411725294,0.3470096518194114,0.20559999999999998
BX,2022-05,0.4725669991516006,0.3844296060836858,0.33399999999999996
BX,2022-06,0.5409284373582708,0.4087125751192329,0.2619
BX,2022-07,0.4695693296383933,0.4804918222667079,0.2871
BX,2022-08,0.45167217645256585,0.45796169588099334,0.2133
BX,2022-09,0.3323056345944513,0.45352377135318694,0.2587
BX,2022-10,0.40023030778672103,0.45991659585420097,0.31620000000000004
BX,2022-11,0.4140407564038208,0.41810923862376337,0.2588
BX,2022-12,0.42808279208788536,0.41638618856508375,0.20579999999999998
BX,2023-01,0.49518154242684764,0.44487588915700377,0.2167
BX,2023-02,0.3190842827979039,0.5520454858259004,0.19399999999999998
BX,2023-03,0.5212520182068141,0.5530006910294248,0.207
BX,2023-04,0.27985238040158084,0.55324962665628,0.187
BX,2023-05,0.31165664423921335,0.5199675500281284,0.1578
BX,2023-06,0.3901883311983738,0.4919526531851286,0.1794
BX,2023-07,0.3155422873522954,0.44173426955939143,0.1359
BX,2023-08,0.2924804347500804,0.4426277153887726,0.1363
BX,2023-09,0.09377413201808737,0.43113680063250803,0.13570000000000002
BX,2023-10,0.22780274883785237,0.4081814009256774,0.1752
BX,2023-11,0.09462595137931329,0.42965692778152464,0.1814
BX,2023-12,0.27263569365960555,0.476191745133017,0.1292
BX,2024-01,0.33014488813684617,0.42882033559550936,0.1245
BX,2024-02,0.33223614724170714,0.3540176693317809,0.1435
BX,2024-03,0.226571273352208,0.34455797901256985,0.134
BX,2024-04,0.3735980902096122,0.3366225319123582,0.1301
BX,2024-05,0.22974882267780072,0.3677029456139195,0.1565
BX,2024-06,0.2852023582919891,0.35938038018532636,0.1292
BX,2024-07,0.32914272699027913,0.3553588627037059,0.1244
BX,2024-08,0.2640520587220645,0.36191998801468284,0.1636
BX,2024-09,0.2962346320366403,0.36290964909511897,0.15
BX,2024-10,0.2822925876723986,0.36428699339667214,0.1673
BX,2024-11,0.19372565446051057,0.31844518311799824,0.2316
BX,2024-12,0.2732212286900623,0.2834570030637406,0.1351
BX,2025-02,0.27289392641487303,0.2765934402911964,0.1643
BX,2025-03,0.4335401265475474,0.3003997499348091,0.1963
BX,2025-04,0.2616595470052422,0.33920156152895564,0.2228
BX,2025-05,0.28561401571790146,0.3222925447856213,0.247
BX,2025-07,0.3240165522762612,0.3295694795190534,0.1673
BX,2025-08,0.33468800927336473,0.33019232288155653,0.1672
BX,2025-09,0.2973612842192448,0.33053125220558716,0.1536
BX,2025-10,0.39515749713238635,0.3259462212121118,0.1628
BX,2025-11,0.30158407324135883,0.34613725729701633,0.1744
BX,2025-12,0.2400840467424805,0.30950784055135544,0.1635
BX,2026-01,0.63719202110975,0.3025459698808538,0.1495
BX,2026-02,0.3470884838879504,0.30876434668268055,0.1744
CMCSA,2020-09,0.29222428137952067,0.23418030427790268,0.2641
CMCSA,2020-10,0.40221692414122856,0.2354567730385025,0.2637
CMCSA,2020-11,0.3321018985145367,0.2516296755428143,0.38020000000000004
CMCSA,2020-12,0.35135789805768564,0.3141350705876713,0.2057
CMCSA,2021-01,0.31514339446658124,0.3152648798708936,0.2275
CMCSA,2021-02,0.23694455524442198,0.3182985674132324,0.3309
CMCSA,2021-03,0.28040972243902873,0.3082125985169315,0.27949999999999997
CMCSA,2021-04,0.22631191687565846,0.245156218127463,0.19399999999999998
CMCSA,2021-05,0.07251752358245216,0.2384355153115814,0.1861
CMCSA,2021-06,0.22696880982102463,0.23838566654889193,0.16760000000000003
CMCSA,2021-07,0.2857616191514743,0.23755296294752504,0.1583
CMCSA,2021-08,0.16369485319432944,0.22763964224038966,0.18239999999999998
CMCSA,2021-09,0.19772415399116663,0.22693028629005388,0.1648
CMCSA,2021-10,0.26355969476991764,0.25086837093674375,0.2314
CMCSA,2021-11,0.17897195884237868,0.24830369027625168,0.16260000000000002
CMCSA,2021-12,0.22053019164057056,0.16948586960165868,0.27190000000000003
CMCSA,2022-01,0.40348793011866113,0.1637537096176348,0.1722
CMCSA,2022-02,0.37242698510415234,0.1549354062355787,0.2483
CMCSA,2022-04,0.25149111327492096,0.14939478807008014,0.20559999999999998
CMCSA,2022-05,0.3529461881804536,0.19085397145448652,0.33399999999999996
CMCSA,2022-06,0.31176913287765545,0.2331621027938358,0.2619
CMCSA,2022-07,0.33429420339780563,0.2514758606770128,0.2871
CMCSA,2022-08,0.3053867119651725,0.24201452958143851,0.2133
CMCSA,2022-09,0.3537169950050585,0.23167899183808358,0.2587
CMCSA,2022-10,0.4125489651793893,0.2752392587349139,0.31620000000000004
CMCSA,2022-11,0.23126455135910765,0.30574609761236377,0.2588
CMCSA,2022-12,0.2991199385759195,0.3591139849367038,0.20579999999999998
CMCSA,2023-01,0.3670605287998318,0.35890936397717965,0.2167
CMCSA,2023-02,0.3301674318778652,0.391752354437891,0.19399999999999998
CMCSA,2023-03,0.27984767725898835,0.3904947146169853,0.207
CMCSA,2023-04,0.260285083342349,0.39155927128819884,0.187
CMCSA,2023-05,0.09771868343926514,0.37456813720505044,0.1578
CMCSA,2023-06,0.18388940221934957,0.3611485119970134,0.1794
CMCSA,2023-07,0.23913475489229657,0.34336101124363055,0.1359
CMCSA,2023-08,0.12758868778652985,0.34854120782392106,0.1363
CMCSA,2023-09,0.21426762975630045,0.3426608744651908,0.13570000000000002
CMCSA,2023-10,0.14335986015504618,0.26596067980451327,0.1752
CMCSA,2023-11,0.1777728537604952,0.2779524358801565,0.1814
CMCSA,2023-12,0.2226922437141649,0.2410274606631484,0.1292
CMCSA,2024-01,0.2723155592355,0.2329210337663479,0.1245
CMCSA,2024-02,0.1101581450780909,0.20674272910873734,0.1435
CMCSA,2024-03,0.2299225061584128,0.21712002114050188,0.134
CMCSA,2024-04,0.26567189366759,0.21711722783440174,0.1301
CMCSA,2024-05,0.22617005993790676,0.23150197143469478,0.1565
CMCSA,2024-06,0.4171389297111592,0.23108242034996443,0.1292
CMCSA,2024-07,0.24052909572160341,0.225699087289606,0.1244
CMCSA,2024-08,0.26563240412202144,0.21164403067731596,0.1636
CMCSA,2024-09,0.3022899381055826,0.21064259311642927,0.15
CMCSA,2024-10,0.12071367590818566,0.21459441728793238,0.1673
CMCSA,2024-11,0.14289419534674577,0.2093830904890757,0.2316
CMCSA,2024-12,0.2758147212394992,0.21018606467126996,0.1351
CMCSA,2025-01,0.3238717321924377,0.24550395870296038,0.17350000000000002
CMCSA,2025-02,0.1485034529924391,0.24454549301051984,0.1643
CMCSA,2025-03,0.3558092728404089,0.2503154225672592,0.1963
CMCSA,2025-04,0.31770326170065233,0.2524231207564894,0.2228
CMCSA,2025-05,0.2559165092804193,0.2338541685669498,0.247
CMCSA,2025-07,0.25599555890453046,0.22975499337739108,0.1673
CMCSA,2025-08,0.23600002929294955,0.22440494953164075,0.1672
CMCSA,2025-09,0.21385245266408034,0.2247182520692436,0.1536
CMCSA,2025-10,0.3560653708874408,0.2224608794696874,0.1628
CMCSA,2025-11,0.2757142147158529,0.22270030507799787,0.1744
CMCSA,2025-12,0.35481588291594407,0.22165979261486496,0.1635
CMCSA,2026-01,0.3394015587032367,0.24329161114165035,0.1495
CMCSA,2026-02,0.32448031189880194,0.2401002592927571,0.1744
COST,2020-09,0.3863347892478538,0.1558722668291626,0.2641
COST,2020-10,0.23005778055676632,0.150251584158818,0.2637
COST,2020-11,0.33624761711880174,0.14968020732016446,0.38020000000000004
COST,2020-12,0.18098171280361772,0.1683807259709918,0.2057
COST,2021-01,0.25199644575011054,0.16662616249177248,0.2275
COST,2021-02,0.24169876654346859,0.18785293472433987,0.3309
COST,2021-03,0.19154103633140215,0.1782293877718424,0.27949999999999997
COST,2021-04,0.1594489796235743,0.1842240990510335,0.19399999999999998
COST,2021-05,0.21801754712143645,0.18251873315328046,0.1861
COST,2021-06,0.23324192035592903,0.18255344992670902,0.16760000000000003
COST,2021-07,0.14308910295470145,0.17895851868207135,0.1583
COST,2021-08,0.15501042669226833,0.18299007541780088,0.18239999999999998
COST,2021-09,0.22435323682851147,0.18122629872088736,0.1648
COST,2021-10,0.1302638795019373,0.18567705249717634,0.2314
COST,2021-11,0.1892026161679238,0.19789611315862757,0.16260000000000002
COST,2021-12,0.21512387530721708,0.19855332779445167,0.27190000000000003
COST,2022-01,0.37018202319959864,0.19330474885022148,0.1722
COST,2022-02,0.3137942231253858,0.22256773516000614,0.2483
COST,2022-04,0.20807104031688217,0.20955373867701052,0.20559999999999998
COST,2022-05,0.41041335031628806,0.23999434964857486,0.33399999999999996
COST,2022-06,0.3577848235336308,0.2865923047536367,0.2619
COST,2022-07,0.2697749883734677,0.28546606603971425,0.2871
COST,2022-08,0.21609242613475302,0.2996737458742214,0.2133
COST,2022-09,0.33032119355822115,0.3021709811131697,0.2587
COST,2022-10,0.24431759546843945,0.3212564743627788,0.31620000000000004
COST,2022-11,0.27482099888165856,0.31332780809447297,0.2588
COST,2022-12,0.24837177306096048,0.3070290285891661,0.20579999999999998
COST,2023-01,0.225752740418774,0.33906513679771244,0.2167
COST,2023-02,0.23520738086307924,0.34504356618078647,0.19399999999999998
COST,2023-03,0.26054569133303757,0.3484918094553244,0.207
COST,2023-04,0.16701242145836603,0.3294100125443375,0.187
COST,2023-05,0.19505753902393785,0.32133771068351524,0.1578
COST,2023-06,0.13823958505998765,0.29205171395839846,0.1794
COST,2023-07,0.13186342045416555,0.2945495672347057,0.1359
COST,2023-08,0.19848128884984245,0.2678934566588239,0.1363
COST,2023-09,0.1800359918097711,0.2655346258909926,0.13570000000000002
COST,2023-10,0.18120232932272984,0.2408164998321711,0.1752
COST,2023-11,0.17089916646551528,0.2383026290543263,0.1814
COST,2023-12,0.1392655554031527,0.23819788313897697,0.1292
COST,2024-01,0.17220212909482285,0.19352065554887174,0.1245
COST,2024-02,0.22331050605096578,0.17199707189236005,0.1435
COST,2024-03,0.13693226537674502,0.15191017746088883,0.134
COST,2024-04,0.192066939349418,0.16129477948568705,0.1301
COST,2024-05,0.22201711000413343,0.1669622834088954,0.1565
COST,2024-06,0.15699810769568642,0.1863698642655797,0.1292
COST,2024-07,0.15768260980916837,0.18622879552516208,0.1244
COST,2024-08,0.21561005410828743,0.20047891685375827,0.1636
COST,2024-09,0.17671794442661487,0.19632203606103818,0.15
COST,2024-10,0.2016617514156703,0.20260661673850314,0.1673
COST,2024-11,0.23361027926079045,0.19989781038517085,0.2316
COST,2024-12,0.15458650989797204,0.21000320239893447,0.1351
COST,2025-01,0.19370086484108467,0.2070304387182593,0.17350000000000002
COST,2025-02,0.2264631752746948,0.20970517201107342,0.1643
COST,2025-03,0.2765279881632674,0.20954047873200501,0.1963
COST,2025-04,0.2916747220977204,0.24321194693736636,0.2228
COST,2025-05,0.2531216245084399,0.24123946969076085,0.247
COST,2025-07,0.18287976369244188,0.23030910909238253,0.1673
COST,2025-08,0.2337121257990863,0.23532742028362424,0.1672
COST,2025-09,0.1792331708919279,0.22184244201206846,0.1536
COST,2025-10,0.19815622922726864,0.22298332296036805,0.1628
COST,2025-11,0.2633494409218174,0.2229839580331228,0.1744
COST,2025-12,0.16538436193400613,0.18987692807967588,0.1635
COST,2026-01,0.39618677988556494,0.18953271526909754,0.1495
COST,2026-02,0.2552101124402417,0.19994493265240568,0.1744
CRM,2020-09,0.48479543377785916,0.46899725867991304,0.2641
CRM,2020-10,0.4276243615951564,0.47694180656518964,0.2637
CRM,2020-11,0.4015645659151635,0.49388100882129093,0.38020000000000004
CRM,2020-12,0.3247595273015429,0.49415262787259107,0.2057
CRM,2021-01,0.3100855503307119,0.5118135819003192,0.2275
CRM,2021-02,0.3804114127307263,0.5034404498907916,0.3309
CRM,2021-03,0.23907565842150982,0.4990430562562652,0.27949999999999997
CRM,2021-04,0.22317531012926534,0.4619017896814809,0.19399999999999998
CRM,2021-05,0.36314596763632256,0.4558226603685961,0.1861
CRM,2021-06,0.25826730720634233,0.4534387944157443,0.16760000000000003
CRM,2021-07,0.21947438579404246,0.4514570038904031,0.1583
CRM,2021-08,0.3282504341948158,0.452852287994408,0.18239999999999998
CRM,2021-09,0.20678328573877844,0.22222969640522017,0.1648
CRM,2021-10,0.207186181792016,0.20596946835097915,0.2314
CRM,2021-11,0.2857574813299809,0.2050655204049145,0.16260000000000002
CRM,2021-12,0.2426078249297843,0.21293309894546789,0.27190000000000003
CRM,2022-01,0.3900084833080465,0.22075382372108188,0.1722
CRM,2022-02,0.47968662036239545,0.2413367009009667,0.2483
CRM,2022-04,0.3425943064750521,0.2571253240783077,0.20559999999999998
CRM,2022-05,0.5812902834464125,0.29211417324600675,0.33399999999999996
CRM,2022-06,0.4619358569116209,0.29384813781043084,0.2619
CRM,2022-07,0.41304583807416123,0.2946995593641208,0.2871
CRM,2022-08,0.36327883024835933,0.32798517010765454,0.2133
CRM,2022-09,0.445703259762573,0.32706277416415297,0.2587
CRM,2022-10,0.37219012533269197,0.3219238218374005,0.31620000000000004
CRM,2022-11,0.48685401586548943,0.33573853701503376,0.2588
CRM,2022-12,0.3351394378592343,0.3371037099260754,0.20579999999999998
CRM,2023-01,0.2970277765872011,0.35641204760505324,0.2167
CRM,2023-02,0.4233539155720547,0.47151158258796955,0.19399999999999998
CRM,2023-03,0.3307024942710456,0.46429365366648856,0.207
CRM,2023-04,0.25390170167321374,0.5202099903914241,0.187
CRM,2023-05,0.3702958143264016,0.4841654051372418,0.1578
CRM,2023-06,0.2954431710168411,0.479685250159917,0.1794
CRM,2023-07,0.31424501878405203,0.48827013811515213,0.1359
CRM,2023-09,0.1849653483332928,0.44450213484224144,0.13570000000000002
CRM,2023-10,0.28021203762337776,0.44614749562477607,0.1752
CRM,2023-11,0.28002220885582124,0.4357773054388807,0.1814
CRM,2023-12,0.2056855652111966,0.4891246290640345,0.1292
CRM,2024-01,0.20488005378783772,0.4270343523296561,0.1245
CRM,2024-02,0.3840157599622716,0.366573634249264,0.1435
CRM,2024-03,0.24930326177492285,0.3600730576936655,0.134
CRM,2024-04,0.3255925555717943,0.3208310904437682,0.1301
CRM,2024-05,0.41790907562012924,0.3505373151212093,0.1565
CRM,2024-06,0.176743096578057,0.3665621876265538,0.1292
CRM,2024-07,0.16571480706659814,0.36920483675032023,0.1244
CRM,2024-08,0.2712108091540804,0.36626386063080574,0.1636
CRM,2024-09,0.3150610072683167,0.36701242935329415,0.15
CRM,2024-10,0.28335897104821767,0.3550845581113626,0.1673
CRM,2024-11,0.40268612417048394,0.3537335998538457,0.2316
CRM,2024-12,0.22230258792048302,0.2865072649693811,0.1351
CRM,2025-01,0.21654447123251486,0.28599754802932387,0.17350000000000002
CRM,2025-02,0.4209152050554065,0.2818707388170879,0.1643
CRM,2025-03,0.27817692222005586,0.3033013310218185,0.1963
CRM,2025-04,0.36743564127831385,0.3189601002157685,0.2228
CRM,2025-05,0.4938521583900555,0.2990138964995173,0.247
CRM,2025-07,0.284266913377335,0.24847720725407438,0.1673
CRM,2025-08,0.40393114638172134,0.25575135199076743,0.1672
CRM,2025-09,0.28162255024213495,0.25456011121131605,0.1536
CRM,2025-10,0.29398828339503363,0.24929885826885415,0.1628
CRM,2025-11,0.5022504278142501,0.26233818016945337,0.1744
CRM,2025-12,0.2611919217454273,0.23476455409863525,0.1635
CRM,2026-01,0.24513698878181064,0.2933157367234723,0.1495
CRM,2026-02,0.5122438110325509,0.34161739563278487,0.1744
HD,2020-09,0.27624054299338646,0.2913222867230267,0.2641
HD,2020-10,0.2536370695235467,0.29473284857775706,0.2637
HD,2020-11,0.3551363222940521,0.3007783202131883,0.38020000000000004
HD,2020-12,0.20842505539547496,0.2895745569541912,0.2057
HD,2021-01,0.2365499835773012,0.29507552203899945,0.2275
HD,2021-02,0.2848135685806062,0.29402412499617137,0.3309
HD,2021-03,0.2097595395111162,0.29429009413523394,0.27949999999999997
HD,2021-04,0.1759871691761419,0.28544336001534065,0.19399999999999998
HD,2021-05,0.28029117959921046,0.24860675530612317,0.1861
HD,2021-06,0.20410335717376163,0.23085216541036596,0.16760000000000003
HD,2021-07,0.2063990488525097,0.23148158168768257,0.1583
HD,2021-08,0.2560459506856026,0.2283357837894103,0.18239999999999998
HD,2021-09,0.16044304443654303,0.22234396930947076,0.1648
HD,2021-10,0.15613763922000293,0.21904742937189042,0.2314
HD,2021-11,0.1888581865193035,0.2368868284162763,0.16260000000000002
HD,2021-12,0.20299057855482838,0.24123811155867994,0.27190000000000003
HD,2022-01,0.34423920874220887,0.22797100572951118,0.1722
HD,2022-02,0.34745306773080326,0.27704860958809147,0.2483
HD,2022-04,0.25702963150292,0.2662630022154334,0.20559999999999998
HD,2022-05,0.4130027566128122,0.2588359202700081,0.33399999999999996
HD,2022-06,0.33691678643546985,0.25859954275725744,0.2619
HD,2022-07,0.2622479251240592,0.27305946454321156,0.2871
HD,2022-08,0.3103000905735817,0.29101103125899586,0.2133
HD,2022-09,0.2581673787418772,0.2929092897183289,0.2587
HD,2022-10,0.3022622502200202,0.2947462945909814,0.31620000000000004
HD,2022-11,0.3182015945777438,0.26846746085649054,0.2588
HD,2022-12,0.24873227210513504,0.27787834025810954,0.20579999999999998
HD,2023-01,0.2348052059035714,0.2720611943899895,0.2167
HD,2023-02,0.3417952892315101,0.2525488185205001,0.19399999999999998
HD,2023-03,0.30556091311016564,0.22567034586447823,0.207
HD,2023-04,0.21625422885804468,0.22020002146835477,0.187
HD,2023-05,0.3358211946664844,0.22075079729914485,0.1578
HD,2023-06,0.1871485421587542,0.22717343188527955,0.1794
HD,2023-07,0.12117880327004167,0.22438997717526196,0.1359
HD,2023-08,0.28556184795793765,0.21631534917095668,0.1363
HD,2023-09,0.18987810918957035,0.2109498562456542,0.13570000000000002
HD,2023-10,0.25087291696891767,0.22718995346173854,0.1752
HD,2023-11,0.1480031000519221,0.226354403168307,0.1814
HD,2023-12,0.13798882868072643,0.23023745489513342,0.1292
HD,2024-01,0.15470895834320286,0.24992971286517593,0.1245
HD,2024-02,0.23108122904392073,0.2495781319842084,0.1435
HD,2024-03,0.12951609928259084,0.23328996964213808,0.134
HD,2024-04,0.23110754477543544,0.2323372784069133,0.1301
HD,2024-05,0.24194661523435423,0.27961252468462605,0.1565
HD,2024-06,0.20952731687526238,0.2709299378520324,0.1292
HD,2024-07,0.19692132060754416,0.25810590917037196,0.1244
HD,2024-08,0.1977337940736123,0.2568076586923982,0.1636
HD,2024-09,0.17542784551128707,0.25622986391348823,0.15
HD,2024-10,0.2679006036390501,0.24466730800780478,0.1673
HD,2024-11,0.20575148356602074,0.2347759155871365,0.2316
HD,2024-12,0.19852492547499878,0.23046630274872187,0.1351
HD,2025-01,0.17233109313868894,0.24542397622506426,0.17350000000000002
HD,2025-02,0.23166519435615127,0.24954849191784848,0.1643
HD,2025-03,0.2522290088801854,0.24553423207427386,0.1963
HD,2025-04,0.30766690925124773,0.25733288651132613,0.2228
HD,2025-05,0.30548558314731267,0.21699851727114577,0.247
HD,2025-07,0.23787194480932516,0.21666944574096197,0.1673
HD,2025-08,0.17496974694194936,0.20639714698461062,0.1672
HD,2025-09,0.16715057188778573,0.23094922339708424,0.1536
HD,2025-10,0.2519918878560913,0.21015071824859888,0.1628
HD,2025-11,0.2292556496392461,0.2186592958308277,0.1744
HD,2025-12,0.19846154232298058,0.19945406225925857,0.1635
HD,2026-01,0.20595678556899896,0.18036592606961901,0.1495
HD,2026-02,0.2813194560738124,0.1940417767388011,0.1744
NVDA,2020-09,0.5620763576060773,0.2829273214470045,0.2641
NVDA,2020-10,0.45077122423781674,0.2909720261184685,0.2637
NVDA,2020-11,0.5194809902347965,0.3326444851538956,0.38020000000000004
NVDA,2020-12,0.3511028211773127,0.33292313143453667,0.2057
NVDA,2021-01,0.41445151123988805,0.3498794212431259,0.2275
NVDA,2021-02,0.5234972192345901,0.35209483094224364,0.3309
NVDA,2021-03,0.3424170434464797,0.3437010125697046,0.27949999999999997
NVDA,2021-04,0.36531285463768737,0.34439266085788683,0.19399999999999998
NVDA,2021-05,0.48529948163108,0.34691861318271594,0.1861
NVDA,2021-06,0.3030097753360864,0.3081920257180492,0.16760000000000003
NVDA,2021-07,0.3932736787913731,0.3554620988790809,0.1583
NVDA,2021-08,0.44242184541428686,0.3625609992631197,0.18239999999999998
NVDA,2021-09,0.3431583829628567,0.30716434741299925,0.1648
NVDA,2021-10,0.18723212582783796,0.32940752330947687,0.2314
NVDA,2021-11,0.46173268150045754,0.3561773296566917,0.16260000000000002
NVDA,2021-12,0.4654624222908594,0.41479071270268225,0.27190000000000003
NVDA,2022-01,0.6522981078823811,0.44178631520888656,0.1722
NVDA,2022-02,0.5580022241382068,0.5006215081214124,0.2483
NVDA,2022-04,0.6268873880461553,0.49946035566088764,0.20559999999999998
NVDA,2022-05,0.7909805731667431,0.6284562402863861,0.33399999999999996
NVDA,2022-06,0.6091124549878556,0.6265979179160694,0.2619
NVDA,2022-07,0.5154314196879625,0.6176989892561747,0.2871
NVDA,2022-08,0.5834829971294082,0.6503431388877826,0.2133
NVDA,2022-09,0.5169553904412229,0.6545987395080731,0.2587
NVDA,2022-10,0.6236768975747325,0.6772762622353243,0.31620000000000004
NVDA,2022-11,0.47276550498526515,0.635871161156755,0.2588
NVDA,2022-12,0.533078890210336,0.6233258820335139,0.20579999999999998
NVDA,2023-01,0.48975352180888465,0.6283549724918686,0.2167
NVDA,2023-02,0.5705785879871038,0.7140785299304072,0.19399999999999998
NVDA,2023-03,0.5117106781682498,0.7380576229049738,0.207
NVDA,2023-04,0.3896825546566359,0.7536455480796083,0.187
NVDA,2023-05,0.4651824505697718,0.6560145427572371,0.1578
NVDA,2023-06,0.38376933949419456,0.7236962470383694,0.1794
NVDA,2023-07,0.37762649410437293,0.6621882951980694,0.1359
NVDA,2023-08,0.6713570367785556,0.6544660550161613,0.1363
NVDA,2023-09,0.3635866818155037,0.5899369068413022,0.13570000000000002
NVDA,2023-10,0.5328577962211771,0.5491503365809048,0.1752
NVDA,2023-11,0.2898479748235944,0.5797887994823577,0.1814
NVDA,2023-12,0.3011795089035743,0.5599402063577853,0.1292
NVDA,2024-01,0.3206329379966441,0.5011741665226653,0.1245
NVDA,2024-02,0.5955797849513244,0.46315559589257693,0.1435
NVDA,2024-03,0.5732068855430854,0.4910657406856502,0.134
NVDA,2024-04,0.4023950344329527,0.4842693411750063,0.1301
NVDA,2024-05,0.5711232346245073,0.4968185156230672,0.1565
NVDA,2024-06,0.3955031824977133,0.45059074483415795,0.1292
NVDA,2024-07,0.4596284701729172,0.4510612640088992,0.1244
NVDA,2024-08,0.4260945628977521,0.476311259067708,0.1636
NVDA,2024-09,0.4051150374599475,0.4802575789641697,0.15
NVDA,2024-10,0.6057000718481692,0.43459323892778556,0.1673
NVDA,2024-11,0.3885080758641441,0.39913530230728667,0.2316
NVDA,2024-12,0.40848968532459207,0.4021057843355106,0.1351
NVDA,2025-01,0.37516954987034024,0.42095048782359185,0.17350000000000002
NVDA,2025-02,0.5465863473891021,0.42987257753792124,0.1643
NVDA,2025-03,0.49844461045099253,0.3551229238420637,0.1963
NVDA,2025-04,0.5195683117608294,0.37714264809524195,0.2228
NVDA,2025-05,0.51327847102346,0.37119764493018714,0.247
NVDA,2025-07,0.3168129223582421,0.36741595799694865,0.1673
NVDA,2025-08,0.35082532472471817,0.3692344879157909,0.1672
NVDA,2025-09,0.280309340422764,0.3739286255190632,0.1536
NVDA,2025-10,0.5030897861686052,0.3747078590839456,0.1628
NVDA,2025-11,0.4196202560118421,0.37359709962326015,0.1744
NVDA,2025-12,0.31568980492503107,0.4091410400508369,0.1635
NVDA,2026-01,0.31568895706518546,0.40520052290265984,0.1495
NVDA,2026-02,0.5252715828128652,0.37604951812084225,0.1744
