book,final,cagr,maxdd,worst4w,y2020,y2022
"A  single-name 30/10 spreads, 1× notional",0.9366990864455352,-0.006565463444185404,-0.1347810745936403,-0.04272330557395221,-0.0319965565011211,-0.06055616787194962
A  same at 2× notional,0.8734271523335138,-0.013539464664368173,-0.25295347625483255,-0.08455097130646838,-0.06423643159843706,-0.11852883981517492
"B  SPY 30/2 spread 3×, unhedged",4.499734173558274,0.16357948666064037,-0.26416918802391076,-0.17493907130896158,-0.14512034200346335,-0.20356273661286517
"B  SPY 30/2 spread 5×, unhedged",11.377548556636333,0.2775463481247038,-0.41177942133349665,-0.28265186054118796,-0.24291428262649528,-0.3302477509396944
"C  SPY 30/2 spread 3×, weekly share hedge",1.3873433811243294,0.03352814869934617,-0.15272168396884467,-0.08422576831856676,-0.11827946945327883,-0.03923083348772116
"C  SPY 30/2 spread 4×, weekly share hedge",1.5363128389259444,0.04420135266159475,-0.20091907852489999,-0.11216352713932165,-0.15642759944503004,-0.052833299595429484
"C  SPY 30/2 spread 5×, weekly share hedge",1.694991354328341,0.05459141565917114,-0.24771807061473794,-0.14003253731735998,-0.19391920111274086,-0.06667573844839059
A+B  single names 1× + SPY 4× unhedged,6.57283215050344,0.2088513355221695,-0.38703703032302794,-0.26693298608806737,-0.22622673751562006,-0.31827035746038634
A+C  single names 1× + SPY 4× hedged,1.4326042033468238,0.03687576617881394,-0.2560636108538623,-0.12477851941545193,-0.18391329763687347,-0.11146121397095388
