scenario,capital,final,cagr,maxdd,worst_month,names_p50,names_min,months_zero,bp_p50,bp_p90,bp_max,mult_max,months_recov
"$50k  Reg-T  flat size, no recovery",50000,30335.20670794591,-0.04914274799223173,-0.459225449070537,-0.14104648006153134,15.0,0,1,0.475059413118443,0.4933840004644353,0.4994114316595121,1.0,0
$50k  Reg-T  recovery capped at 50% BP,50000,34847.42450551169,-0.035752982958983326,-0.4555814153109349,-0.13759146527058438,15.0,2,0,0.47512395959703785,0.49568050295780824,0.49994941661191106,10.0,9
$50k  Reg-T  recovery capped at 80% BP,50000,31031.561890832003,-0.04696407087374588,-0.5980422534536511,-0.18739403726426931,21.0,2,0,0.7639325267191251,0.7938376252810613,0.7996284124843828,16.0,23
$125k Reg-T  recovery capped at 50% BP,125000,72439.73286523827,-0.05352841693911936,-0.4937045360180007,-0.13049613030878987,27.0,2,0,0.4838796998421704,0.49667066017688466,0.49945648329678644,26.0,5
"$125k PM     flat size, no recovery",125000,45401.933275722105,-0.0970850924165545,-0.694456043198924,-0.2366376292999079,35.0,2,0,0.47351632878735395,0.4951223304359587,0.4992314257168775,1.0,0
$125k PM     recovery capped at 50% BP,125000,42540.080987582,-0.10299377126258424,-0.7365647504426538,-0.24679411816692665,33.0,2,0,0.48150606302560356,0.496067799632858,0.4985782384875715,35.0,25
$250k PM     recovery capped at 50% BP,250000,67814.53723424968,-0.12327754413117109,-0.7959946869249747,-0.25837011754435735,42.0,2,0,0.4789982391608916,0.49702796831543306,0.4999883294821757,63.0,25
$1M   PM     recovery capped at 50% BP,1000000,532668.9897677249,-0.061539768127212624,-0.6603376210461065,-0.24041851526623723,60.0,2,0,0.4304716109647397,0.4875671485020876,0.49964890811706414,250.0,78
"$1M   PM     recovery capped at 50% BP, 1%-unit",1000000,1303614.8383196585,0.02709755084659715,-0.09397482910258126,-0.0810593296764471,29.0,2,0,0.04806426586097786,0.22988901188361163,0.497916041166336,252.0,64
