ticker,months,total_pnl_pct,final_cum_pnl_pct,avg_monthly_pnl_pct,avg_prem_pct,win_rate_pct,max_drawdown_pct,max_size,max_size_hit,pct_months_recovery
PORTFOLIO (1/100 capital),119,91.91,91.91,0.7723,–,63.0,-19.07,–,–,–
AVGO,96,2330.49,23.3,24.2759,2.19,55.2,-0.62,818,False,42.7
GE,95,1828.27,18.28,19.2449,1.28,36.8,-0.12,818,False,45.3
LLY,119,631.48,6.31,5.3065,1.67,45.4,-0.25,44,False,45.4
VRTX,72,405.73,4.06,5.6352,1.39,38.9,-0.23,44,False,38.9
NFLX,119,396.65,3.97,3.3332,2.22,47.9,-2.25,38,False,45.4
CRM,119,376.84,3.77,3.1667,1.7,42.0,-0.28,44,False,45.4
TMUS,96,355.05,3.55,3.6984,1.67,53.1,-0.15,44,False,42.7
MRK,119,297.98,2.98,2.5041,1.16,37.8,-0.66,38,False,45.4
UNH,119,290.69,2.91,2.4428,1.26,43.7,-0.46,44,False,45.4
META,119,270.47,2.7,2.2728,2.15,48.7,-0.6,20,False,45.4
HUM,36,267.91,2.68,7.4419,1.41,36.1,-0.47,44,False,52.8
REGN,24,240.72,2.41,10.03,1.67,37.5,-0.35,38,False,45.8
ZTS,72,233.69,2.34,3.2457,1.64,47.2,-0.26,44,False,38.9
NVDA,96,232.41,2.32,2.4209,2.96,51.0,-1.18,14,False,42.7
COST,119,225.46,2.25,1.8946,1.29,44.5,-0.38,44,False,45.4
JNJ,119,197.36,1.97,1.6585,0.94,42.9,-0.53,38,False,45.4
BMY,119,196.62,1.97,1.6523,1.16,37.0,-0.85,44,False,45.4
TXN,119,183.34,1.83,1.5407,1.88,47.9,-0.54,20,False,45.4
AMZN,119,169.42,1.69,1.4237,1.78,47.1,-0.49,20,False,45.4
T,107,167.5,1.68,1.5654,1.19,37.4,-0.79,28,False,49.5
NOW,60,165.4,1.65,2.7567,2.38,48.3,-0.07,44,False,38.3
RTX,24,162.4,1.62,6.7668,1.87,45.8,-0.12,44,False,66.7
LMT,119,158.06,1.58,1.3283,1.44,44.5,-0.51,28,False,45.4
GILD,107,155.05,1.55,1.449,1.0,21.5,-0.85,20,False,47.7
UPS,36,153.27,1.53,4.2575,1.52,30.6,-0.24,44,False,52.8
MSFT,119,152.6,1.53,1.2824,1.46,52.1,-0.26,20,False,45.4
ADBE,119,151.9,1.52,1.2765,1.83,47.1,-0.71,20,False,45.4
VZ,119,151.76,1.52,1.2753,1.27,35.3,-0.26,18,False,45.4
NEE,119,137.48,1.37,1.1553,0.96,43.7,-0.46,44,False,45.4
INTC,119,126.61,1.27,1.064,1.71,38.7,-0.83,20,False,45.4
UNP,119,117.35,1.17,0.9862,1.41,41.2,-0.38,20,False,45.4
HD,119,114.87,1.15,0.9653,1.33,46.2,-0.29,18,False,45.4
EL,60,110.4,1.1,1.84,1.51,38.3,-0.4,44,False,45.0
SBUX,119,110.08,1.1,0.925,0.89,38.7,-0.43,38,False,45.4
PEP,119,107.3,1.07,0.9017,0.95,41.2,-0.29,20,False,45.4
ELV,107,106.92,1.07,0.9992,1.32,36.4,-0.26,28,False,43.0
KO,119,101.63,1.02,0.854,0.95,45.4,-0.25,28,False,45.4
MA,119,93.74,0.94,0.7877,1.36,51.3,-0.25,18,False,45.4
BSX,24,88.19,0.88,3.6744,1.65,62.5,-0.02,12,False,37.5
ICE,48,87.35,0.87,1.8197,1.43,43.8,-0.2,28,False,33.3
LOW,119,84.89,0.85,0.7134,1.2,42.0,-0.26,34,False,45.4
MCD,107,82.19,0.82,0.7681,0.78,43.9,-0.26,28,False,43.0
CME,24,81.41,0.81,3.3921,0.9,33.3,-0.08,28,False,50.0
AAPL,119,78.06,0.78,0.656,1.39,42.9,-0.34,12,False,45.4
ABT,119,68.17,0.68,0.5729,1.14,41.2,-0.35,20,False,45.4
CSCO,119,67.84,0.68,0.5701,1.33,39.5,-0.69,20,False,45.4
DUK,108,67.3,0.67,0.6231,0.92,40.7,-0.24,18,False,45.4
NKE,119,65.46,0.65,0.5501,1.36,36.1,-0.27,20,False,45.4
WFC,107,56.03,0.56,0.5236,1.36,41.1,-0.67,18,False,47.7
GOOGL,119,46.87,0.47,0.3939,1.6,45.4,-0.63,6,False,45.4
WM,36,44.43,0.44,1.2342,1.79,47.2,-0.09,8,False,33.3
MMM,95,43.76,0.44,0.4606,1.26,42.1,-0.54,20,False,47.4
V,119,42.89,0.43,0.3605,1.2,45.4,-0.33,8,False,45.4
CB,12,41.92,0.42,3.4932,1.34,50.0,-0.17,14,False,66.7
INTU,72,41.4,0.41,0.5751,1.73,41.7,-0.19,2,False,38.9
CMCSA,83,40.79,0.41,0.4915,1.39,38.6,-0.41,20,False,39.8
CHTR,60,38.76,0.39,0.6459,1.49,53.3,-0.53,28,False,40.0
HON,119,38.05,0.38,0.3197,1.32,44.5,-0.33,6,False,45.4
PRU,23,34.81,0.35,1.5136,1.2,60.9,-0.12,8,False,56.5
AXP,119,34.51,0.35,0.29,1.25,45.4,-0.65,34,False,45.4
MDT,119,30.85,0.31,0.2592,1.06,37.0,-0.3,28,False,45.4
PLD,60,28.3,0.28,0.4717,1.51,35.0,-0.09,2,False,38.3
NOC,12,28.07,0.28,2.3393,1.55,41.7,0.0,14,False,66.7
PM,107,27.93,0.28,0.2611,0.91,39.3,-0.48,18,False,47.7
SYK,108,27.17,0.27,0.2515,1.28,41.7,-0.64,12,False,45.4
TSLA,36,26.47,0.26,0.7352,3.16,27.8,-0.53,8,False,33.3
COP,12,25.48,0.25,2.123,1.38,33.3,-0.26,14,False,66.7
ADI,36,25.26,0.25,0.7017,1.82,30.6,-0.44,12,False,47.2
PPL,23,18.41,0.18,0.8005,0.66,26.1,-0.14,20,False,56.5
ORCL,119,18.37,0.18,0.1544,1.43,39.5,-0.44,8,False,45.4
MET,47,17.69,0.18,0.3764,0.92,42.6,-0.33,14,False,55.3
MCK,12,17.61,0.18,1.4676,2.25,58.3,-0.09,4,False,8.3
ANET,12,17.35,0.17,1.4462,2.5,75.0,-0.09,1,False,8.3
DD,11,16.35,0.16,1.4863,0.99,45.5,-0.01,8,False,45.5
ETN,12,15.1,0.15,1.2582,2.09,66.7,-0.09,4,False,8.3
SO,119,14.71,0.15,0.1236,0.95,38.7,-0.63,28,False,45.4
PANW,12,14.14,0.14,1.1786,2.01,25.0,-0.04,4,False,8.3
CMG,12,13.7,0.14,1.1418,2.25,58.3,-0.1,4,False,8.3
AIG,12,12.78,0.13,1.0647,0.86,50.0,-0.07,6,False,66.7
PGR,12,11.73,0.12,0.9778,1.87,58.3,-0.1,4,False,8.3
GIS,23,11.17,0.11,0.4855,0.72,43.5,-0.04,4,False,56.5
ABNB,12,8.71,0.09,0.7261,2.0,41.7,-0.06,1,False,8.3
AMGN,107,7.54,0.08,0.0705,1.12,39.3,-0.58,20,False,43.0
IBM,95,4.3,0.04,0.0452,1.13,37.9,-0.59,8,False,45.3
PFE,107,3.36,0.03,0.0314,0.98,30.8,-0.7,28,False,49.5
EQIX,72,2.85,0.03,0.0396,1.16,36.1,-0.51,14,False,52.8
DE,48,2.75,0.03,0.0573,1.53,29.2,-0.24,4,False,41.7
CSX,48,2.2,0.02,0.0458,1.63,47.9,-0.57,14,False,37.5
EW,12,0.21,0.0,0.0173,1.96,50.0,-0.1,1,False,25.0
SPGI,84,-0.51,-0.01,-0.006,1.36,38.1,-0.48,8,False,41.7
UBER,12,-0.59,-0.01,-0.0493,1.5,25.0,-0.08,1,False,8.3
ADP,107,-3.26,-0.03,-0.0304,1.33,40.2,-0.68,20,False,47.7
LRCX,48,-4.38,-0.04,-0.0912,1.9,39.6,-0.78,6,False,41.7
SHW,12,-4.76,-0.05,-0.3967,1.36,16.7,-0.02,18,False,66.7
ACN,48,-4.84,-0.05,-0.1008,1.52,33.3,-0.37,6,False,41.7
DIS,107,-6.11,-0.06,-0.0571,1.19,28.0,-0.98,20,False,49.5
SPG,35,-7.02,-0.07,-0.2006,0.71,14.3,-0.23,20,False,54.3
CI,12,-10.03,-0.1,-0.8356,0.98,25.0,-0.15,2,False,25.0
TJX,84,-13.38,-0.13,-0.1593,1.49,53.6,-2.09,38,False,41.7
ITW,107,-15.44,-0.15,-0.1443,1.24,40.2,-0.51,6,False,49.5
BRK-B,119,-15.58,-0.16,-0.1309,0.76,34.5,-0.33,6,False,45.4
LYB,23,-16.74,-0.17,-0.7277,1.02,34.8,-0.27,8,False,56.5
MDLZ,119,-20.12,-0.2,-0.169,0.89,35.3,-0.87,28,False,45.4
DHR,119,-20.21,-0.2,-0.1698,1.13,39.5,-0.67,14,False,45.4
SLB,35,-23.45,-0.23,-0.6701,0.69,22.9,-0.4,8,False,54.3
CAT,119,-24.48,-0.24,-0.2057,1.57,39.5,-0.77,8,False,45.4
TMO,119,-27.92,-0.28,-0.2346,1.37,44.5,-0.53,8,False,45.4
XOM,107,-28.12,-0.28,-0.2628,1.24,34.6,-1.0,14,False,43.0
PYPL,84,-30.97,-0.31,-0.3687,1.18,40.5,-0.74,4,False,47.6
KLAC,24,-31.69,-0.32,-1.3202,2.02,29.2,-0.52,4,False,37.5
ISRG,96,-32.95,-0.33,-0.3433,1.17,45.8,-0.85,6,False,42.7
USB,59,-36.03,-0.36,-0.6106,0.95,39.0,-0.67,6,False,52.5
BAC,119,-42.65,-0.43,-0.3584,1.46,40.3,-1.02,8,False,45.4
HAL,11,-44.01,-0.44,-4.0011,1.02,36.4,-0.55,8,False,45.5
BKNG,84,-45.45,-0.45,-0.5411,1.61,34.5,-1.6,14,False,41.7
MS,119,-46.18,-0.46,-0.3881,1.27,42.9,-0.95,8,False,45.4
JPM,119,-47.22,-0.47,-0.3968,1.28,42.9,-1.03,12,False,45.4
CTSH,35,-48.27,-0.48,-1.3792,0.92,37.1,-0.6,6,False,54.3
QCOM,107,-50.72,-0.51,-0.474,1.55,30.8,-0.7,4,False,47.7
AMT,107,-55.05,-0.55,-0.5145,1.25,38.3,-1.08,28,False,49.5
C,95,-63.16,-0.63,-0.6649,1.09,35.8,-1.01,8,False,47.4
BLK,119,-65.18,-0.65,-0.5477,1.26,39.5,-1.1,8,False,45.4
BA,107,-65.34,-0.65,-0.6106,1.17,32.7,-1.43,44,False,43.0
GM,83,-65.37,-0.65,-0.7875,1.33,33.7,-1.54,20,False,50.6
BDX,95,-82.38,-0.82,-0.8672,1.0,42.1,-1.0,6,False,52.6
F,23,-84.84,-0.85,-3.6888,1.11,21.7,-0.93,4,False,56.5
AMD,36,-88.99,-0.89,-2.4719,2.46,25.0,-1.17,4,False,33.3
CVS,119,-102.63,-1.03,-0.8625,1.08,27.7,-1.8,20,False,45.4
FDX,59,-105.22,-1.05,-1.7834,1.09,44.1,-1.36,8,False,52.5
CL,59,-108.6,-1.09,-1.8406,0.65,32.2,-1.42,20,False,52.5
PG,119,-114.84,-1.15,-0.965,0.94,43.7,-1.63,20,False,45.4
BIIB,23,-128.77,-1.29,-5.5988,0.91,30.4,-1.32,6,False,56.5
CVX,119,-137.75,-1.38,-1.1575,1.21,36.1,-1.98,14,False,45.4
WMT,83,-153.59,-1.54,-1.8505,0.98,36.1,-2.35,20,False,44.6
MU,84,-171.66,-1.72,-2.0436,2.59,38.1,-2.33,14,False,41.7
AMAT,96,-200.12,-2.0,-2.0846,1.91,41.7,-2.8,14,False,42.7
MO,59,-207.3,-2.07,-3.5135,0.72,42.4,-2.61,20,False,52.5
GS,119,-231.86,-2.32,-1.9484,1.21,40.3,-2.8,18,False,45.4
SCHW,108,-253.64,-2.54,-2.3485,1.23,36.1,-3.69,38,False,45.4
ABBV,119,-255.77,-2.56,-2.1493,1.37,43.7,-2.89,44,False,45.4
EOG,83,-281.69,-2.82,-3.3939,1.05,27.7,-2.96,34,False,50.6
TGT,71,-483.02,-4.83,-6.803,1.1,35.2,-4.86,20,False,46.5
